Audio_Tag_Speech,21.599999999999998,22.575,0.8299999833106995
Audio_Tag_Speech,22.08,23.055,1.0
Audio_Tag_Speech,22.56,23.535,0.9700000286102295
Audio_Tag_Speech,23.04,25.455000000000002,0.949999988079071
Audio_Tag_Speech,24.96,25.935000000000002,0.6700000166893005
Audio_Tag_Speech,25.439999999999998,26.415,0.6600000262260437
Audio_Tag_Speech,25.919999999999998,26.895,0.7599999904632568
Audio_Tag_Speech,26.4,27.375,0.4300000071525574
Audio_Tag_Speech,26.88,28.815,0.41999998688697815
Audio_Tag_Speech,28.32,29.295,0.6100000143051147
Audio_Tag_Speech,28.799999999999997,29.775,0.44999998807907104
Audio_Tag_Speech,29.279999999999998,30.735,0.5099999904632568
Audio_Tag_Speech,30.24,31.215,0.5600000023841858
Audio_Tag_Speech,30.72,31.695,0.4099999964237213
Audio_Tag_Speech,31.2,32.175,0.5600000023841858
Audio_Tag_Speech,31.68,32.655,0.9300000071525574
Audio_Tag_Speech,32.16,33.135,0.8100000023841858
Audio_Tag_Speech,32.64,34.095,0.8500000238418579
Audio_Tag_Speech,33.6,34.575,0.9300000071525574
Audio_Tag_Speech,34.08,35.535000000000004,0.5899999737739563
Audio_Tag_Speech,35.04,36.015,0.7699999809265137
Audio_Tag_Speech,35.519999999999996,36.495,0.3499999940395355
Audio_Tag_Speech,36.0,36.975,0.33000001311302185
Audio_Tag_Speech,40.32,41.295,0.8100000023841858
Audio_Tag_Speech,40.8,41.775,0.4000000059604645
Audio_Tag_Speech,41.28,42.255,0.4399999976158142
Audio_Tag_Speech,41.76,42.735,0.44999998807907104
Audio_Tag_Speech,44.64,45.615,0.6200000047683716
Audio_Tag_Speech,45.12,46.095,0.5
Audio_Tag_Speech,45.6,47.055,0.36000001430511475
Audio_Tag_Speech,46.559999999999995,47.535,0.8100000023841858
Audio_Tag_Speech,48.48,49.455,0.7799999713897705
Audio_Tag_Speech,48.96,49.935,0.699999988079071
Audio_Tag_Speech,49.44,50.415,0.8700000047683716
Audio_Tag_Speech,50.4,51.375,0.7900000214576721
Audio_Tag_Speech,50.879999999999995,51.855,0.8500000238418579
Audio_Tag_Speech,51.36,52.335,0.5400000214576721
Audio_Tag_Speech,52.8,53.775,0.7400000095367432
Audio_Tag_Speech,53.28,54.255,0.7699999809265137
Audio_Tag_Speech,53.76,54.735,0.800000011920929
Audio_Tag_Speech,54.239999999999995,55.214999999999996,0.5099999904632568
Audio_Tag_Speech,54.72,55.695,0.6800000071525574
Audio_Tag_Speech,55.199999999999996,57.135,0.3199999928474426
Audio_Tag_Speech,56.64,57.615,0.4300000071525574
Audio_Tag_Speech,57.12,58.095,0.41999998688697815
Audio_Tag_Speech,57.599999999999994,58.574999999999996,0.6399999856948853
Audio_Tag_Speech,58.08,59.055,0.9300000071525574
Audio_Tag_Speech,59.519999999999996,60.495,0.5299999713897705
Audio_Tag_Speech,60.0,62.415,0.3700000047683716
Audio_Tag_Speech,61.919999999999995,62.894999999999996,0.800000011920929
Audio_Tag_Speech,62.4,63.855,0.8299999833106995
Audio_Tag_Speech,64.8,65.77499999999999,0.36000001430511475
Audio_Tag_Speech,65.28,66.255,0.7099999785423279
Audio_Tag_Speech,65.75999999999999,66.73499999999999,0.3100000023841858
Audio_Tag_Speech,66.24,67.21499999999999,0.800000011920929
Audio_Tag_Speech,66.72,67.695,0.8100000023841858
Audio_Tag_Speech,67.2,68.175,0.8299999833106995
Audio_Tag_Speech,68.16,69.615,0.6299999952316284
Audio_Tag_Speech,110.88,113.29499999999999,0.4300000071525574
Audio_Tag_Speech,112.8,113.77499999999999,0.8700000047683716
Audio_Tag_Speech,113.28,114.255,0.800000011920929
Audio_Tag_Speech,113.75999999999999,114.73499999999999,0.7599999904632568
Audio_Tag_Speech,114.24,115.21499999999999,0.75
Audio_Tag_Speech,114.72,115.695,0.7900000214576721
Audio_Tag_Speech,117.11999999999999,118.09499999999998,0.6399999856948853
Audio_Tag_Speech,117.6,118.57499999999999,0.75
Audio_Tag_Speech,118.08,119.05499999999999,0.550000011920929
Audio_Tag_Speech,118.56,119.535,0.9100000262260437
Audio_Tag_Speech,119.03999999999999,120.01499999999999,0.9800000190734863
Audio_Tag_Speech,119.52,120.49499999999999,0.6700000166893005
Audio_Tag_Speech,120.47999999999999,121.45499999999998,0.8700000047683716
Audio_Tag_Speech,120.96,121.93499999999999,0.3199999928474426
Audio_Tag_Speech,121.44,122.41499999999999,0.7799999713897705
Audio_Tag_Speech,129.6,130.575,0.4300000071525574
Audio_Tag_Speech,130.07999999999998,131.05499999999998,0.9599999785423279
Audio_Tag_Speech,130.56,132.015,0.9800000190734863
Audio_Tag_Speech,131.51999999999998,132.49499999999998,0.9900000095367432
Audio_Tag_Speech,132.0,132.975,0.9800000190734863
Audio_Tag_Speech,132.48,133.45499999999998,0.9900000095367432
Audio_Tag_Speech,133.44,134.415,0.9300000071525574
Audio_Tag_Speech,133.92,134.89499999999998,0.8399999737739563
Audio_Tag_Speech,134.4,135.375,0.949999988079071
Audio_Tag_Speech,134.88,135.855,0.8199999928474426
Audio_Tag_Speech,135.35999999999999,136.33499999999998,0.9900000095367432
Audio_Tag_Speech,135.84,136.815,1.0
Audio_Tag_Speech,136.32,137.295,0.9900000095367432
Audio_Tag_Speech,136.79999999999998,137.77499999999998,0.33000001311302185
Audio_Tag_Speech,137.28,138.255,0.9200000166893005
Audio_Tag_Speech,137.76,138.73499999999999,0.9300000071525574
Audio_Tag_Speech,138.24,139.215,0.9599999785423279
Audio_Tag_Speech,138.72,139.695,0.8999999761581421
Audio_Tag_Speech,139.2,140.17499999999998,0.9800000190734863
Audio_Tag_Speech,139.68,140.655,0.9900000095367432
Audio_Tag_Speech,140.16,141.135,0.9300000071525574
Audio_Tag_Speech,149.28,150.255,0.8799999952316284
Audio_Tag_Speech,149.76,150.73499999999999,0.6700000166893005
Audio_Tag_Speech,150.23999999999998,151.21499999999997,0.800000011920929
Audio_Tag_Speech,150.72,151.695,0.47999998927116394
Audio_Tag_Speech,152.64,153.61499999999998,0.47999998927116394
Audio_Tag_Speech,153.12,154.095,0.7099999785423279
Audio_Tag_Speech,153.6,154.575,0.8700000047683716
Audio_Tag_Speech,154.07999999999998,155.05499999999998,0.9399999976158142
Audio_Tag_Speech,154.56,155.535,0.8600000143051147
Audio_Tag_Speech,155.04,156.015,0.9900000095367432
Audio_Tag_Speech,156.0,156.975,0.3199999928474426
Audio_Tag_Speech,156.48,157.45499999999998,0.7300000190734863
Audio_Tag_Speech,156.96,157.935,0.9700000286102295
Audio_Tag_Speech,157.44,158.415,0.9100000262260437
Audio_Tag_Speech,157.92,158.89499999999998,0.5400000214576721
Audio_Tag_Speech,158.4,159.375,0.3499999940395355
Audio_Tag_Speech,158.88,159.855,0.36000001430511475
Audio_Tag_Speech,159.35999999999999,160.33499999999998,0.5600000023841858
Audio_Tag_Speech,159.84,161.77499999999998,0.4000000059604645
Audio_Tag_Speech,161.28,162.255,0.7200000286102295
Audio_Tag_Speech,161.76,162.73499999999999,0.7400000095367432
Audio_Tag_Speech,162.23999999999998,163.21499999999997,0.8100000023841858
Audio_Tag_Speech,163.68,164.655,0.5099999904632568
Audio_Tag_Speech,164.16,165.135,0.6399999856948853
Audio_Tag_Speech,164.64,165.61499999999998,0.7699999809265137
Audio_Tag_Speech,165.12,166.575,0.9200000166893005
Audio_Tag_Speech,166.07999999999998,167.05499999999998,0.5199999809265137
Audio_Tag_Speech,166.56,167.535,0.8199999928474426
Audio_Tag_Speech,168.0,168.975,0.33000001311302185
Audio_Tag_Speech,168.48,169.45499999999998,0.6299999952316284
Audio_Tag_Speech,168.95999999999998,171.375,0.3499999940395355
Audio_Tag_Speech,170.88,171.855,0.7699999809265137
Audio_Tag_Speech,171.35999999999999,172.33499999999998,0.6200000047683716
Audio_Tag_Speech,171.84,173.295,0.7799999713897705
Audio_Tag_Speech,172.79999999999998,173.77499999999998,0.75
Audio_Tag_Speech,173.28,174.255,0.9399999976158142
Audio_Tag_Speech,173.76,174.73499999999999,0.8899999856948853
Audio_Tag_Speech,174.23999999999998,175.695,0.8600000143051147
Audio_Tag_Speech,175.2,176.17499999999998,0.8399999737739563
Audio_Tag_Speech,175.68,176.655,0.8199999928474426
Audio_Tag_Speech,176.16,177.135,0.9599999785423279
Audio_Tag_Speech,176.64,177.61499999999998,0.9300000071525574
Audio_Tag_Speech,177.12,178.575,0.7699999809265137
Audio_Tag_Speech,178.07999999999998,180.975,0.8299999833106995
Audio_Tag_Speech,180.48,181.45499999999998,0.8999999761581421
Audio_Tag_Speech,180.95999999999998,181.93499999999997,0.8799999952316284
Audio_Tag_Speech,181.92,182.89499999999998,0.8399999737739563
Audio_Tag_Speech,182.4,183.375,0.9100000262260437
Audio_Tag_Speech,182.88,183.855,0.8299999833106995
Audio_Tag_Speech,183.35999999999999,184.33499999999998,0.9100000262260437
Audio_Tag_Speech,183.84,184.815,0.8999999761581421
Audio_Tag_Speech,184.32,185.295,0.9200000166893005
Audio_Tag_Speech,184.79999999999998,185.77499999999998,0.9399999976158142
Audio_Tag_Speech,185.28,186.255,0.6200000047683716
Audio_Tag_Speech,185.76,186.73499999999999,0.4099999964237213
Audio_Tag_Speech,186.23999999999998,187.21499999999997,0.8999999761581421
Audio_Tag_Speech,187.2,188.17499999999998,0.9100000262260437
Audio_Tag_Speech,187.68,188.655,0.3400000035762787
Audio_Tag_Speech,190.56,192.49499999999998,0.9800000190734863
Audio_Tag_Speech,192.0,192.975,0.9900000095367432
Audio_Tag_Speech,192.48,193.45499999999998,0.6800000071525574
Audio_Tag_Speech,192.95999999999998,193.93499999999997,0.7599999904632568
Audio_Tag_Speech,193.44,194.89499999999998,0.36000001430511475
Audio_Tag_Speech,194.4,195.375,0.9399999976158142
Audio_Tag_Speech,194.88,195.855,0.5099999904632568
Audio_Tag_Speech,195.35999999999999,196.33499999999998,0.75
Audio_Tag_Speech,195.84,196.815,0.6299999952316284
Audio_Tag_Speech,196.32,197.295,0.3199999928474426
Audio_Tag_Speech,196.79999999999998,197.77499999999998,0.4699999988079071
Audio_Tag_Speech,197.76,198.73499999999999,0.7099999785423279
Audio_Tag_Speech,198.23999999999998,199.21499999999997,0.9300000071525574
Audio_Tag_Speech,198.72,199.695,0.9100000262260437
Audio_Tag_Speech,199.2,200.17499999999998,0.949999988079071
Audio_Tag_Speech,199.68,200.655,0.7300000190734863
Audio_Tag_Speech,200.16,201.135,0.8600000143051147
Audio_Tag_Speech,200.64,201.61499999999998,0.5799999833106995
Audio_Tag_Speech,201.12,202.095,0.4099999964237213
Audio_Tag_Speech,201.6,202.575,0.8399999737739563
Audio_Tag_Speech,202.07999999999998,203.05499999999998,0.8799999952316284
Audio_Tag_Speech,202.56,204.015,0.5400000214576721
Audio_Tag_Speech,203.51999999999998,204.975,0.49000000953674316
Audio_Tag_Speech,204.48,205.45499999999998,0.6700000166893005
Audio_Tag_Speech,204.95999999999998,205.93499999999997,0.6499999761581421
Audio_Tag_Speech,205.44,206.415,0.8500000238418579
Audio_Tag_Speech,205.92,206.89499999999998,0.46000000834465027
Audio_Tag_Speech,271.2,272.175,0.699999988079071
Audio_Tag_Speech,271.68,272.65500000000003,0.8199999928474426
Audio_Tag_Speech,272.15999999999997,273.135,0.6499999761581421
Audio_Tag_Speech,272.64,274.095,0.8199999928474426
Audio_Tag_Speech,273.59999999999997,274.575,0.5899999737739563
Audio_Tag_Speech,274.08,275.055,0.6100000143051147
Audio_Tag_Speech,274.56,275.535,0.7599999904632568
Audio_Tag_Speech,276.96,278.89500000000004,0.7400000095367432
Audio_Tag_Speech,278.4,279.375,0.6299999952316284
Audio_Tag_Speech,278.88,279.855,0.44999998807907104
Audio_Tag_Speech,279.36,280.33500000000004,0.6899999976158142
Audio_Tag_Speech,279.84,280.815,0.5899999737739563
Audio_Tag_Speech,288.0,289.455,0.3499999940395355
Audio_Tag_Speech,288.96,289.935,0.9100000262260437
Audio_Tag_Speech,289.44,290.415,0.6800000071525574
Audio_Tag_Speech,289.92,291.375,0.7400000095367432
Audio_Tag_Speech,290.88,292.33500000000004,0.7799999713897705
Audio_Tag_Speech,291.84,293.77500000000003,0.6299999952316284
Audio_Tag_Speech,293.28,294.255,0.9399999976158142
Audio_Tag_Speech,293.76,294.735,0.4000000059604645
Audio_Tag_Speech,294.24,295.21500000000003,0.6700000166893005
Audio_Tag_Speech,294.71999999999997,295.695,0.4000000059604645
Audio_Tag_Speech,295.2,296.65500000000003,0.49000000953674316
Audio_Tag_Speech,296.15999999999997,297.135,0.7300000190734863
Audio_Tag_Speech,296.64,297.615,0.6899999976158142
Audio_Tag_Speech,297.12,298.095,0.5199999809265137
Audio_Tag_Speech,297.59999999999997,298.575,0.9399999976158142
Audio_Tag_Speech,298.56,300.495,0.8199999928474426
Audio_Tag_Speech,300.0,300.975,0.8700000047683716
Audio_Tag_Speech,300.47999999999996,301.455,0.46000000834465027
Audio_Tag_Speech,300.96,302.415,0.5
Audio_Tag_Speech,324.0,325.935,0.8399999737739563
Audio_Tag_Speech,325.44,326.415,0.9800000190734863
Audio_Tag_Speech,327.84,329.295,0.3499999940395355
Audio_Tag_Speech,328.8,332.65500000000003,0.4399999976158142
Audio_Tag_Speech,332.15999999999997,333.615,0.49000000953674316
Audio_Tag_Speech,333.12,334.095,0.5400000214576721
Audio_Tag_Turkey,9.12,10.094999999999999,0.5799999833106995
Audio_Tag_Gobble,9.12,10.094999999999999,0.38999998569488525
Audio_Tag_Whale vocalization,14.879999999999999,15.854999999999999,0.41999998688697815
Audio_Tag_Music,0.0,0.975,0.8899999856948853
Audio_Tag_Music,0.48,1.935,1.0
Audio_Tag_Music,1.44,2.415,0.9800000190734863
Audio_Tag_Music,1.92,2.895,0.8299999833106995
Audio_Tag_Music,2.4,3.375,0.33000001311302185
Audio_Tag_Music,5.279999999999999,10.575,0.3499999940395355
Audio_Tag_Music,22.56,24.015,0.4000000059604645
Audio_Tag_Music,23.52,24.495,0.5899999737739563
Audio_Tag_Music,24.0,24.975,0.44999998807907104
Audio_Tag_Music,24.48,25.935000000000002,0.5199999809265137
Audio_Tag_Music,25.439999999999998,26.415,0.6700000166893005
Audio_Tag_Music,25.919999999999998,26.895,0.5400000214576721
Audio_Tag_Music,26.4,27.375,0.6499999761581421
Audio_Tag_Music,26.88,27.855,0.7699999809265137
Audio_Tag_Music,27.36,28.335,0.6299999952316284
Audio_Tag_Music,27.84,28.815,0.4099999964237213
Audio_Tag_Music,28.32,31.215,0.3499999940395355
Audio_Tag_Music,30.72,31.695,0.47999998927116394
Audio_Tag_Music,31.2,32.175,0.550000011920929
Audio_Tag_Music,31.68,32.655,0.6800000071525574
Audio_Tag_Music,32.16,33.135,0.6700000166893005
Audio_Tag_Music,32.64,34.095,0.36000001430511475
Audio_Tag_Music,33.6,35.535000000000004,0.4300000071525574
Audio_Tag_Music,35.04,36.015,0.6700000166893005
Audio_Tag_Music,35.519999999999996,36.495,0.4399999976158142
Audio_Tag_Music,36.0,36.975,0.38999998569488525
Audio_Tag_Music,36.48,37.455,0.8999999761581421
Audio_Tag_Music,36.96,37.935,0.9300000071525574
Audio_Tag_Music,37.44,40.335,0.9800000190734863
Audio_Tag_Music,39.839999999999996,40.815,1.0
Audio_Tag_Music,40.32,41.295,0.550000011920929
Audio_Tag_Music,40.8,41.775,0.7300000190734863
Audio_Tag_Music,41.28,42.255,0.3799999952316284
Audio_Tag_Music,41.76,43.214999999999996,0.6299999952316284
Audio_Tag_Music,42.72,43.695,0.6499999761581421
Audio_Tag_Music,43.199999999999996,44.175,0.800000011920929
Audio_Tag_Music,43.68,44.655,0.7799999713897705
Audio_Tag_Music,44.16,45.135,0.9800000190734863
Audio_Tag_Music,44.64,45.615,0.8999999761581421
Audio_Tag_Music,45.12,46.095,0.75
Audio_Tag_Music,45.6,46.575,0.7400000095367432
Audio_Tag_Music,46.08,47.055,0.9100000262260437
Audio_Tag_Music,46.559999999999995,47.535,0.6499999761581421
Audio_Tag_Music,47.04,48.015,0.6399999856948853
Audio_Tag_Music,47.519999999999996,48.495,0.9399999976158142
Audio_Tag_Music,48.0,48.975,0.9700000286102295
Audio_Tag_Music,48.48,49.455,0.5199999809265137
Audio_Tag_Music,48.96,49.935,0.550000011920929
Audio_Tag_Music,49.44,50.415,0.5299999713897705
Audio_Tag_Music,49.92,50.895,0.9900000095367432
Audio_Tag_Music,50.4,51.375,0.699999988079071
Audio_Tag_Music,50.879999999999995,51.855,0.7599999904632568
Audio_Tag_Music,51.36,52.335,0.36000001430511475
Audio_Tag_Music,51.839999999999996,52.815,0.8999999761581421
Audio_Tag_Music,52.32,53.295,0.9100000262260437
Audio_Tag_Music,52.8,54.735,0.5899999737739563
Audio_Tag_Music,54.239999999999995,55.214999999999996,0.8199999928474426
Audio_Tag_Music,54.72,55.695,0.5799999833106995
Audio_Tag_Music,55.199999999999996,56.655,0.47999998927116394
Audio_Tag_Music,56.16,57.135,0.75
Audio_Tag_Music,56.64,57.615,0.5799999833106995
Audio_Tag_Music,57.12,58.095,0.6800000071525574
Audio_Tag_Music,57.599999999999994,59.055,0.7300000190734863
Audio_Tag_Music,58.559999999999995,59.535,0.6800000071525574
Audio_Tag_Music,59.04,60.015,0.9300000071525574
Audio_Tag_Music,61.44,62.894999999999996,0.5199999809265137
Audio_Tag_Music,62.4,63.855,0.7200000286102295
Audio_Tag_Music,63.36,64.335,0.30000001192092896
Audio_Tag_Music,63.839999999999996,64.815,0.5600000023841858
Audio_Tag_Music,64.32,65.29499999999999,0.9599999785423279
Audio_Tag_Music,64.8,65.77499999999999,0.6700000166893005
Audio_Tag_Music,65.28,66.255,0.6800000071525574
Audio_Tag_Music,65.75999999999999,66.73499999999999,0.8199999928474426
Audio_Tag_Music,66.24,67.21499999999999,0.75
Audio_Tag_Music,66.72,67.695,0.7300000190734863
Audio_Tag_Music,67.2,68.175,0.8399999737739563
Audio_Tag_Music,67.67999999999999,68.65499999999999,0.8199999928474426
Audio_Tag_Music,68.16,69.13499999999999,0.699999988079071
Audio_Tag_Music,68.64,69.615,0.5899999737739563
Audio_Tag_Music,69.12,70.095,0.800000011920929
Audio_Tag_Music,69.6,70.57499999999999,0.8600000143051147
Audio_Tag_Music,70.08,71.05499999999999,1.0
Audio_Tag_Music,70.56,71.535,0.9900000095367432
Audio_Tag_Music,71.03999999999999,72.01499999999999,0.9800000190734863
Audio_Tag_Music,71.52,72.49499999999999,0.9900000095367432
Audio_Tag_Music,72.0,72.975,0.9300000071525574
Audio_Tag_Music,72.48,73.455,0.9800000190734863
Audio_Tag_Music,72.96,73.93499999999999,0.9599999785423279
Audio_Tag_Music,73.44,74.41499999999999,0.9300000071525574
Audio_Tag_Music,73.92,75.37499999999999,0.9900000095367432
Audio_Tag_Music,74.88,75.85499999999999,0.9399999976158142
Audio_Tag_Music,75.36,76.335,0.9700000286102295
Audio_Tag_Music,75.84,77.29499999999999,0.9300000071525574
Audio_Tag_Music,76.8,78.255,0.4000000059604645
Audio_Tag_Music,77.75999999999999,78.73499999999999,0.8100000023841858
Audio_Tag_Music,78.24,79.21499999999999,0.9700000286102295
Audio_Tag_Music,78.72,79.695,0.9599999785423279
Audio_Tag_Music,79.2,80.175,0.9800000190734863
Audio_Tag_Music,79.67999999999999,80.65499999999999,0.8899999856948853
Audio_Tag_Music,80.16,81.13499999999999,0.75
Audio_Tag_Music,80.64,82.57499999999999,0.7900000214576721
Audio_Tag_Music,82.08,83.05499999999999,0.4300000071525574
Audio_Tag_Music,82.56,83.535,0.7799999713897705
Audio_Tag_Music,83.03999999999999,84.01499999999999,0.9100000262260437
Audio_Tag_Music,83.52,84.49499999999999,0.9599999785423279
Audio_Tag_Music,84.0,84.975,0.6700000166893005
Audio_Tag_Music,84.47999999999999,85.45499999999998,0.7300000190734863
Audio_Tag_Music,84.96,85.93499999999999,0.7599999904632568
Audio_Tag_Music,85.44,86.41499999999999,0.46000000834465027
Audio_Tag_Music,85.92,86.895,0.75
Audio_Tag_Music,86.39999999999999,87.37499999999999,0.6700000166893005
Audio_Tag_Music,86.88,87.85499999999999,0.4000000059604645
Audio_Tag_Music,87.36,88.335,0.8100000023841858
Audio_Tag_Music,87.84,88.815,0.8799999952316284
Audio_Tag_Music,88.32,89.29499999999999,0.9399999976158142
Audio_Tag_Music,88.8,89.77499999999999,0.9599999785423279
Audio_Tag_Music,89.28,90.73499999999999,0.5400000214576721
Audio_Tag_Music,90.24,91.21499999999999,0.8600000143051147
Audio_Tag_Music,90.72,91.695,0.9200000166893005
Audio_Tag_Music,91.2,92.175,0.9900000095367432
Audio_Tag_Music,91.67999999999999,92.65499999999999,0.9599999785423279
Audio_Tag_Music,92.16,93.13499999999999,0.9800000190734863
Audio_Tag_Music,92.64,93.615,0.9700000286102295
Audio_Tag_Music,93.11999999999999,94.09499999999998,0.949999988079071
Audio_Tag_Music,93.6,94.57499999999999,0.9200000166893005
Audio_Tag_Music,94.08,95.05499999999999,0.9300000071525574
Audio_Tag_Music,94.56,95.535,0.33000001311302185
Audio_Tag_Music,97.44,98.41499999999999,0.800000011920929
Audio_Tag_Music,97.92,98.895,0.7799999713897705
Audio_Tag_Music,98.39999999999999,99.37499999999999,0.5899999737739563
Audio_Tag_Music,98.88,99.85499999999999,0.9399999976158142
Audio_Tag_Music,99.36,100.335,0.8999999761581421
Audio_Tag_Music,99.84,100.815,0.9800000190734863
Audio_Tag_Music,100.32,101.29499999999999,0.9900000095367432
Audio_Tag_Music,103.2,107.05499999999999,0.7400000095367432
Audio_Tag_Music,106.56,108.01499999999999,0.38999998569488525
Audio_Tag_Music,107.52,108.49499999999999,0.4000000059604645
Audio_Tag_Music,109.92,111.85499999999999,0.41999998688697815
Audio_Tag_Music,111.36,112.335,0.5699999928474426
Audio_Tag_Music,111.83999999999999,112.81499999999998,0.550000011920929
Audio_Tag_Music,112.32,113.29499999999999,0.5899999737739563
Audio_Tag_Music,112.8,113.77499999999999,0.5099999904632568
Audio_Tag_Music,113.28,114.73499999999999,0.5400000214576721
Audio_Tag_Music,114.24,116.17499999999998,0.800000011920929
Audio_Tag_Music,115.67999999999999,116.65499999999999,0.7599999904632568
Audio_Tag_Music,116.16,117.13499999999999,0.9700000286102295
Audio_Tag_Music,116.64,117.615,0.8399999737739563
Audio_Tag_Music,117.11999999999999,120.49499999999999,0.4399999976158142
Audio_Tag_Music,120.0,120.975,0.8299999833106995
Audio_Tag_Music,120.47999999999999,121.45499999999998,0.6499999761581421
Audio_Tag_Music,122.39999999999999,124.335,0.6200000047683716
Audio_Tag_Music,127.19999999999999,129.135,0.9399999976158142
Audio_Tag_Music,128.64,129.61499999999998,0.7900000214576721
Audio_Tag_Music,129.12,130.095,0.9100000262260437
Audio_Tag_Music,129.6,132.015,0.49000000953674316
Audio_Tag_Music,131.51999999999998,133.45499999999998,0.49000000953674316
Audio_Tag_Music,132.96,133.935,0.8999999761581421
Audio_Tag_Music,133.44,134.415,0.3100000023841858
Audio_Tag_Music,133.92,135.855,0.30000001192092896
Audio_Tag_Music,140.16,141.135,0.4300000071525574
Audio_Tag_Music,140.64,141.61499999999998,0.9200000166893005
Audio_Tag_Music,141.12,142.095,0.8100000023841858
Audio_Tag_Music,141.6,142.575,0.6600000262260437
Audio_Tag_Music,142.07999999999998,143.05499999999998,0.8100000023841858
Audio_Tag_Music,142.56,143.535,0.9399999976158142
Audio_Tag_Music,143.04,144.49499999999998,0.9800000190734863
Audio_Tag_Music,144.0,144.975,0.9300000071525574
Audio_Tag_Music,144.48,145.45499999999998,0.8799999952316284
Audio_Tag_Music,144.96,145.935,0.9100000262260437
Audio_Tag_Music,145.44,146.415,0.9900000095367432
Audio_Tag_Music,145.92,146.89499999999998,0.9800000190734863
Audio_Tag_Music,146.4,147.375,0.9900000095367432
Audio_Tag_Music,146.88,147.855,0.9800000190734863
Audio_Tag_Music,147.35999999999999,148.33499999999998,0.9900000095367432
Audio_Tag_Music,147.84,148.815,1.0
Audio_Tag_Music,148.32,149.295,0.9900000095367432
Audio_Tag_Music,148.79999999999998,149.77499999999998,0.9300000071525574
Audio_Tag_Music,149.28,150.255,0.8700000047683716
Audio_Tag_Music,149.76,150.73499999999999,0.8799999952316284
Audio_Tag_Music,150.23999999999998,151.21499999999997,0.9700000286102295
Audio_Tag_Music,150.72,151.695,0.8999999761581421
Audio_Tag_Music,151.2,152.17499999999998,0.8399999737739563
Audio_Tag_Music,151.68,152.655,0.3499999940395355
Audio_Tag_Music,152.16,153.135,0.6899999976158142
Audio_Tag_Music,152.64,153.61499999999998,0.3199999928474426
Audio_Tag_Music,153.12,154.575,0.9100000262260437
Audio_Tag_Music,154.07999999999998,155.05499999999998,0.7900000214576721
Audio_Tag_Music,154.56,155.535,0.7200000286102295
Audio_Tag_Music,155.04,156.015,0.7599999904632568
Audio_Tag_Music,155.51999999999998,156.49499999999998,0.9100000262260437
Audio_Tag_Music,156.0,156.975,0.8600000143051147
Audio_Tag_Music,156.48,157.45499999999998,0.8500000238418579
Audio_Tag_Music,156.96,157.935,0.8600000143051147
Audio_Tag_Music,157.44,158.415,0.8700000047683716
Audio_Tag_Music,157.92,158.89499999999998,0.8899999856948853
Audio_Tag_Music,158.4,159.375,0.7300000190734863
Audio_Tag_Music,158.88,159.855,0.8500000238418579
Audio_Tag_Music,159.35999999999999,160.815,0.5099999904632568
Audio_Tag_Music,160.32,161.295,0.6399999856948853
Audio_Tag_Music,160.79999999999998,161.77499999999998,0.9200000166893005
Audio_Tag_Music,161.28,162.255,0.7599999904632568
Audio_Tag_Music,161.76,163.21499999999997,0.8799999952316284
Audio_Tag_Music,162.72,163.695,0.8899999856948853
Audio_Tag_Music,163.2,164.17499999999998,0.9200000166893005
Audio_Tag_Music,163.68,164.655,0.6299999952316284
Audio_Tag_Music,164.16,165.135,0.8799999952316284
Audio_Tag_Music,164.64,165.61499999999998,0.9599999785423279
Audio_Tag_Music,165.12,166.095,0.9200000166893005
Audio_Tag_Music,165.6,166.575,0.8899999856948853
Audio_Tag_Music,166.07999999999998,167.05499999999998,0.8299999833106995
Audio_Tag_Music,166.56,167.535,0.7599999904632568
Audio_Tag_Music,167.04,168.015,0.8999999761581421
Audio_Tag_Music,167.51999999999998,168.49499999999998,0.9700000286102295
Audio_Tag_Music,168.0,168.975,0.9300000071525574
Audio_Tag_Music,168.48,169.45499999999998,0.6200000047683716
Audio_Tag_Music,168.95999999999998,170.415,0.8700000047683716
Audio_Tag_Music,169.92,170.89499999999998,0.8999999761581421
Audio_Tag_Music,170.4,171.375,0.8700000047683716
Audio_Tag_Music,170.88,171.855,0.8500000238418579
Audio_Tag_Music,171.35999999999999,172.33499999999998,0.8700000047683716
Audio_Tag_Music,171.84,172.815,0.8600000143051147
Audio_Tag_Music,172.32,173.295,0.8399999737739563
Audio_Tag_Music,172.79999999999998,173.77499999999998,0.9200000166893005
Audio_Tag_Music,173.28,174.255,0.9700000286102295
Audio_Tag_Music,173.76,174.73499999999999,0.8399999737739563
Audio_Tag_Music,174.23999999999998,175.21499999999997,0.6200000047683716
Audio_Tag_Music,174.72,175.695,0.8199999928474426
Audio_Tag_Music,175.2,176.17499999999998,0.8600000143051147
Audio_Tag_Music,175.68,177.135,0.9200000166893005
Audio_Tag_Music,176.64,177.61499999999998,0.8299999833106995
Audio_Tag_Music,177.12,178.095,0.800000011920929
Audio_Tag_Music,177.6,178.575,0.7799999713897705
Audio_Tag_Music,178.07999999999998,179.05499999999998,0.8999999761581421
Audio_Tag_Music,178.56,179.535,0.33000001311302185
Audio_Tag_Music,179.04,180.015,0.9100000262260437
Audio_Tag_Music,179.51999999999998,180.49499999999998,0.7300000190734863
Audio_Tag_Music,180.0,180.975,0.49000000953674316
Audio_Tag_Music,180.48,181.45499999999998,0.6100000143051147
Audio_Tag_Music,180.95999999999998,181.93499999999997,0.8600000143051147
Audio_Tag_Music,181.44,182.415,0.9599999785423279
Audio_Tag_Music,181.92,182.89499999999998,0.800000011920929
Audio_Tag_Music,182.4,183.375,0.9399999976158142
Audio_Tag_Music,182.88,183.855,0.8899999856948853
Audio_Tag_Music,183.35999999999999,184.33499999999998,0.9200000166893005
Audio_Tag_Music,183.84,184.815,0.9100000262260437
Audio_Tag_Music,184.32,185.295,0.8999999761581421
Audio_Tag_Music,184.79999999999998,185.77499999999998,0.9100000262260437
Audio_Tag_Music,185.28,186.73499999999999,0.9599999785423279
Audio_Tag_Music,186.23999999999998,187.21499999999997,0.8199999928474426
Audio_Tag_Music,186.72,187.695,0.949999988079071
Audio_Tag_Music,187.2,188.17499999999998,0.800000011920929
Audio_Tag_Music,187.68,188.655,0.8700000047683716
Audio_Tag_Music,188.16,189.135,0.9100000262260437
Audio_Tag_Music,188.64,189.61499999999998,0.8899999856948853
Audio_Tag_Music,189.12,190.095,0.4699999988079071
Audio_Tag_Music,192.48,193.93499999999997,0.8500000238418579
Audio_Tag_Music,193.44,194.415,0.7900000214576721
Audio_Tag_Music,193.92,195.375,0.41999998688697815
Audio_Tag_Music,194.88,195.855,0.5799999833106995
Audio_Tag_Music,195.35999999999999,196.33499999999998,0.6299999952316284
Audio_Tag_Music,195.84,196.815,0.8100000023841858
Audio_Tag_Music,196.32,197.295,0.9200000166893005
Audio_Tag_Music,196.79999999999998,197.77499999999998,0.8500000238418579
Audio_Tag_Music,197.28,198.255,0.9900000095367432
Audio_Tag_Music,197.76,198.73499999999999,0.8399999737739563
Audio_Tag_Music,198.23999999999998,199.21499999999997,0.6299999952316284
Audio_Tag_Music,198.72,200.17499999999998,0.7599999904632568
Audio_Tag_Music,199.68,201.135,0.5199999809265137
Audio_Tag_Music,200.64,201.61499999999998,0.6100000143051147
Audio_Tag_Music,201.12,202.095,0.550000011920929
Audio_Tag_Music,201.6,202.575,0.6899999976158142
Audio_Tag_Music,202.07999999999998,203.05499999999998,0.6299999952316284
Audio_Tag_Music,202.56,203.535,0.8299999833106995
Audio_Tag_Music,203.04,204.015,0.7099999785423279
Audio_Tag_Music,203.51999999999998,204.49499999999998,0.7400000095367432
Audio_Tag_Music,204.0,204.975,0.8899999856948853
Audio_Tag_Music,204.48,205.45499999999998,0.7799999713897705
Audio_Tag_Music,204.95999999999998,205.93499999999997,0.44999998807907104
Audio_Tag_Music,205.44,206.89499999999998,0.6299999952316284
Audio_Tag_Music,206.4,207.375,0.7599999904632568
Audio_Tag_Music,206.88,207.855,0.9900000095367432
Audio_Tag_Music,207.35999999999999,208.33499999999998,0.9700000286102295
Audio_Tag_Music,207.84,208.815,0.949999988079071
Audio_Tag_Music,208.32,209.295,0.9700000286102295
Audio_Tag_Music,208.79999999999998,209.77499999999998,0.9900000095367432
Audio_Tag_Music,209.28,210.255,0.9599999785423279
Audio_Tag_Music,209.76,210.73499999999999,0.949999988079071
Audio_Tag_Music,210.23999999999998,211.21499999999997,0.8600000143051147
Audio_Tag_Music,210.72,211.695,0.6299999952316284
Audio_Tag_Music,211.2,212.65499999999997,0.8700000047683716
Audio_Tag_Music,212.16,213.135,0.8999999761581421
Audio_Tag_Music,212.64,213.61499999999998,0.9200000166893005
Audio_Tag_Music,213.12,214.095,0.4099999964237213
Audio_Tag_Music,213.6,214.575,0.3499999940395355
Audio_Tag_Music,214.07999999999998,215.05499999999998,0.8299999833106995
Audio_Tag_Music,214.56,215.535,0.9700000286102295
Audio_Tag_Music,215.04,216.015,0.8999999761581421
Audio_Tag_Music,215.51999999999998,216.49499999999998,0.9399999976158142
Audio_Tag_Music,216.0,216.975,0.9300000071525574
Audio_Tag_Music,216.48,217.45499999999998,0.8999999761581421
Audio_Tag_Music,216.95999999999998,217.93499999999997,0.6399999856948853
Audio_Tag_Music,217.44,218.415,0.7699999809265137
Audio_Tag_Music,217.92,218.89499999999998,0.7099999785423279
Audio_Tag_Music,218.4,219.375,0.8199999928474426
Audio_Tag_Music,218.88,219.855,0.9300000071525574
Audio_Tag_Music,219.35999999999999,220.33499999999998,0.7699999809265137
Audio_Tag_Music,219.84,220.815,0.6800000071525574
Audio_Tag_Music,220.32,221.295,0.7300000190734863
Audio_Tag_Music,220.79999999999998,222.255,0.800000011920929
Audio_Tag_Music,221.76,222.73499999999999,0.9700000286102295
Audio_Tag_Music,222.23999999999998,223.21499999999997,0.8799999952316284
Audio_Tag_Music,222.72,223.695,0.7200000286102295
Audio_Tag_Music,223.2,224.17499999999998,0.9700000286102295
Audio_Tag_Music,223.67999999999998,224.65499999999997,0.9200000166893005
Audio_Tag_Music,224.16,225.135,0.9399999976158142
Audio_Tag_Music,224.64,225.61499999999998,1.0
Audio_Tag_Music,225.12,226.095,0.9900000095367432
Audio_Tag_Music,225.6,226.575,0.8999999761581421
Audio_Tag_Music,226.07999999999998,227.05499999999998,0.9800000190734863
Audio_Tag_Music,226.56,227.535,0.9900000095367432
Audio_Tag_Music,227.04,228.015,0.6200000047683716
Audio_Tag_Music,227.51999999999998,228.49499999999998,0.8399999737739563
Audio_Tag_Music,228.0,228.975,0.9800000190734863
Audio_Tag_Music,228.48,229.45499999999998,0.9900000095367432
Audio_Tag_Music,228.95999999999998,229.93499999999997,0.9700000286102295
Audio_Tag_Music,229.44,230.415,0.8899999856948853
Audio_Tag_Music,229.92,230.89499999999998,0.8999999761581421
Audio_Tag_Music,230.39999999999998,231.37499999999997,0.9300000071525574
Audio_Tag_Music,230.88,231.855,0.9900000095367432
Audio_Tag_Music,231.35999999999999,232.33499999999998,0.8899999856948853
Audio_Tag_Music,231.84,232.815,0.9599999785423279
Audio_Tag_Music,232.32,233.295,0.9700000286102295
Audio_Tag_Music,232.79999999999998,233.77499999999998,0.9399999976158142
Audio_Tag_Music,233.28,234.73499999999999,0.9800000190734863
Audio_Tag_Music,234.23999999999998,235.21499999999997,0.8500000238418579
Audio_Tag_Music,234.72,235.695,0.9399999976158142
Audio_Tag_Music,235.2,236.17499999999998,0.9900000095367432
Audio_Tag_Music,235.67999999999998,236.65499999999997,0.9599999785423279
Audio_Tag_Music,236.16,237.135,0.8999999761581421
Audio_Tag_Music,236.64,237.61499999999998,0.9800000190734863
Audio_Tag_Music,237.12,238.575,1.0
Audio_Tag_Music,238.07999999999998,239.05499999999998,0.8999999761581421
Audio_Tag_Music,238.56,239.535,0.7799999713897705
Audio_Tag_Music,239.04,240.015,0.9700000286102295
Audio_Tag_Music,239.51999999999998,240.49499999999998,0.9200000166893005
Audio_Tag_Music,240.0,240.975,1.0
Audio_Tag_Music,240.48,241.45499999999998,0.9900000095367432
Audio_Tag_Music,240.95999999999998,241.93499999999997,0.8999999761581421
Audio_Tag_Music,241.44,242.415,0.9900000095367432
Audio_Tag_Music,241.92,242.89499999999998,0.8999999761581421
Audio_Tag_Music,242.39999999999998,243.37499999999997,0.9100000262260437
Audio_Tag_Music,242.88,243.855,0.9800000190734863
Audio_Tag_Music,243.35999999999999,244.33499999999998,0.9599999785423279
Audio_Tag_Music,243.84,244.815,0.9900000095367432
Audio_Tag_Music,244.32,245.295,0.9100000262260437
Audio_Tag_Music,244.79999999999998,245.77499999999998,0.8600000143051147
Audio_Tag_Music,245.28,246.255,0.9399999976158142
Audio_Tag_Music,245.76,246.73499999999999,0.8500000238418579
Audio_Tag_Music,246.23999999999998,247.21499999999997,0.699999988079071
Audio_Tag_Music,246.72,247.695,0.9200000166893005
Audio_Tag_Music,247.2,248.17499999999998,0.9700000286102295
Audio_Tag_Music,247.67999999999998,248.65499999999997,0.9800000190734863
Audio_Tag_Music,248.16,250.095,0.9900000095367432
Audio_Tag_Music,249.6,250.575,1.0
Audio_Tag_Music,250.07999999999998,251.05499999999998,0.9900000095367432
Audio_Tag_Music,250.56,252.49499999999998,1.0
Audio_Tag_Music,252.0,253.45499999999998,0.9900000095367432
Audio_Tag_Music,252.95999999999998,254.415,0.9800000190734863
Audio_Tag_Music,253.92,254.89499999999998,1.0
Audio_Tag_Music,254.39999999999998,255.37499999999997,0.9800000190734863
Audio_Tag_Music,254.88,256.335,1.0
Audio_Tag_Music,255.84,259.21500000000003,0.9900000095367432
Audio_Tag_Music,258.71999999999997,260.175,0.9800000190734863
Audio_Tag_Music,259.68,261.135,0.9900000095367432
Audio_Tag_Music,260.64,261.615,1.0
Audio_Tag_Music,261.12,262.095,0.9800000190734863
Audio_Tag_Music,261.59999999999997,262.575,1.0
Audio_Tag_Music,262.08,263.055,0.9900000095367432
Audio_Tag_Music,262.56,263.535,0.9700000286102295
Audio_Tag_Music,263.03999999999996,264.015,0.9399999976158142
Audio_Tag_Music,263.52,264.495,0.9599999785423279
Audio_Tag_Music,264.0,264.975,0.9900000095367432
Audio_Tag_Music,264.48,265.45500000000004,0.949999988079071
Audio_Tag_Music,264.96,265.935,0.9700000286102295
Audio_Tag_Music,265.44,266.415,1.0
Audio_Tag_Music,265.92,266.89500000000004,0.9900000095367432
Audio_Tag_Music,266.4,267.375,0.9700000286102295
Audio_Tag_Music,266.88,267.855,0.9800000190734863
Audio_Tag_Music,267.36,268.33500000000004,0.8600000143051147
Audio_Tag_Music,267.84,268.815,0.9200000166893005
Audio_Tag_Music,268.32,269.295,0.9800000190734863
Audio_Tag_Music,268.8,269.77500000000003,0.9599999785423279
Audio_Tag_Music,269.28,270.255,0.949999988079071
Audio_Tag_Music,269.76,270.735,0.7799999713897705
Audio_Tag_Music,270.24,271.21500000000003,0.8700000047683716
Audio_Tag_Music,270.71999999999997,271.695,0.7799999713897705
Audio_Tag_Music,271.2,272.175,0.8899999856948853
Audio_Tag_Music,271.68,272.65500000000003,0.7400000095367432
Audio_Tag_Music,272.15999999999997,273.135,0.8399999737739563
Audio_Tag_Music,272.64,273.615,0.7699999809265137
Audio_Tag_Music,273.12,274.095,0.8700000047683716
Audio_Tag_Music,273.59999999999997,274.575,0.4399999976158142
Audio_Tag_Music,274.08,275.055,0.5699999928474426
Audio_Tag_Music,274.56,275.535,0.30000001192092896
Audio_Tag_Music,275.03999999999996,276.015,0.800000011920929
Audio_Tag_Music,275.52,276.495,0.5
Audio_Tag_Music,276.0,276.975,0.699999988079071
Audio_Tag_Music,276.48,277.45500000000004,0.8500000238418579
Audio_Tag_Music,276.96,277.935,0.7900000214576721
Audio_Tag_Music,277.44,278.415,0.8799999952316284
Audio_Tag_Music,277.92,278.89500000000004,0.9599999785423279
Audio_Tag_Music,278.4,279.375,0.7599999904632568
Audio_Tag_Music,278.88,279.855,0.8799999952316284
Audio_Tag_Music,279.36,280.33500000000004,0.8700000047683716
Audio_Tag_Music,279.84,280.815,0.8399999737739563
Audio_Tag_Music,280.32,281.295,0.6399999856948853
Audio_Tag_Music,280.8,281.77500000000003,0.9800000190734863
Audio_Tag_Music,281.28,282.255,0.9100000262260437
Audio_Tag_Music,281.76,283.21500000000003,0.9700000286102295
Audio_Tag_Music,282.71999999999997,283.695,0.9800000190734863
Audio_Tag_Music,283.2,284.175,1.0
Audio_Tag_Music,283.68,284.65500000000003,0.9900000095367432
Audio_Tag_Music,284.15999999999997,285.615,0.9599999785423279
Audio_Tag_Music,285.12,286.095,0.9900000095367432
Audio_Tag_Music,285.59999999999997,286.575,0.9200000166893005
Audio_Tag_Music,286.08,287.055,0.7900000214576721
Audio_Tag_Music,286.56,288.015,0.6499999761581421
Audio_Tag_Music,287.52,288.495,0.9300000071525574
Audio_Tag_Music,288.0,288.975,0.6600000262260437
Audio_Tag_Music,288.47999999999996,289.455,0.7900000214576721
Audio_Tag_Music,288.96,290.415,0.6000000238418579
Audio_Tag_Music,289.92,290.89500000000004,0.699999988079071
Audio_Tag_Music,290.4,291.375,0.949999988079071
Audio_Tag_Music,290.88,291.855,0.7200000286102295
Audio_Tag_Music,291.36,292.33500000000004,0.44999998807907104
Audio_Tag_Music,291.84,292.815,0.5199999809265137
Audio_Tag_Music,292.32,293.295,0.8399999737739563
Audio_Tag_Music,292.8,293.77500000000003,0.75
Audio_Tag_Music,293.28,294.255,0.6700000166893005
Audio_Tag_Music,293.76,294.735,0.7200000286102295
Audio_Tag_Music,294.24,295.21500000000003,0.5
Audio_Tag_Music,294.71999999999997,295.695,0.7300000190734863
Audio_Tag_Music,295.2,296.175,0.8899999856948853
Audio_Tag_Music,295.68,296.65500000000003,0.4099999964237213
Audio_Tag_Music,296.15999999999997,297.135,0.5199999809265137
Audio_Tag_Music,296.64,297.615,0.8999999761581421
Audio_Tag_Music,297.12,298.095,0.7699999809265137
Audio_Tag_Music,297.59999999999997,298.575,0.8700000047683716
Audio_Tag_Music,298.08,299.055,0.8899999856948853
Audio_Tag_Music,298.56,299.535,0.7699999809265137
Audio_Tag_Music,299.03999999999996,300.015,0.9200000166893005
Audio_Tag_Music,299.52,301.935,0.9300000071525574
Audio_Tag_Music,301.44,302.415,0.9200000166893005
Audio_Tag_Music,301.92,302.89500000000004,0.949999988079071
Audio_Tag_Music,302.4,303.375,0.8799999952316284
Audio_Tag_Music,302.88,303.855,0.9599999785423279
Audio_Tag_Music,303.36,304.33500000000004,1.0
Audio_Tag_Music,303.84,304.815,0.9399999976158142
Audio_Tag_Music,304.32,305.295,0.949999988079071
Audio_Tag_Music,304.8,305.77500000000003,0.9900000095367432
Audio_Tag_Music,305.28,306.735,1.0
Audio_Tag_Music,306.24,307.21500000000003,0.9900000095367432
Audio_Tag_Music,306.71999999999997,307.695,0.8799999952316284
Audio_Tag_Music,307.2,308.175,1.0
Audio_Tag_Music,307.68,308.65500000000003,0.9900000095367432
Audio_Tag_Music,308.15999999999997,309.135,0.9700000286102295
Audio_Tag_Music,308.64,309.615,0.9599999785423279
Audio_Tag_Music,309.12,310.095,0.9800000190734863
Audio_Tag_Music,309.59999999999997,311.055,1.0
Audio_Tag_Music,310.56,311.535,0.9599999785423279
Audio_Tag_Music,311.03999999999996,312.015,0.8500000238418579
Audio_Tag_Music,311.52,312.975,0.9900000095367432
Audio_Tag_Music,312.47999999999996,313.455,0.8700000047683716
Audio_Tag_Music,312.96,313.935,0.8399999737739563
Audio_Tag_Music,313.44,314.415,0.9100000262260437
Audio_Tag_Music,313.92,314.89500000000004,0.8899999856948853
Audio_Tag_Music,314.4,315.375,0.800000011920929
Audio_Tag_Music,314.88,315.855,0.7300000190734863
Audio_Tag_Music,315.36,316.33500000000004,0.8899999856948853
Audio_Tag_Music,315.84,316.815,0.9100000262260437
Audio_Tag_Music,316.32,317.295,0.6499999761581421
Audio_Tag_Music,316.8,318.255,0.8999999761581421
Audio_Tag_Music,317.76,318.735,0.9900000095367432
Audio_Tag_Music,318.24,319.21500000000003,1.0
Audio_Tag_Music,318.71999999999997,319.695,0.9300000071525574
Audio_Tag_Music,319.2,320.175,0.9800000190734863
Audio_Tag_Music,319.68,321.615,0.9700000286102295
Audio_Tag_Music,321.12,322.095,0.9200000166893005
Audio_Tag_Music,321.59999999999997,322.575,0.9800000190734863
Audio_Tag_Music,322.08,323.055,0.8799999952316284
Audio_Tag_Music,322.56,323.535,0.8600000143051147
Audio_Tag_Music,323.03999999999996,324.015,0.800000011920929
Audio_Tag_Music,323.52,324.495,0.9100000262260437
Audio_Tag_Music,324.0,324.975,0.9700000286102295
Audio_Tag_Music,324.47999999999996,325.455,0.7400000095367432
Audio_Tag_Music,324.96,325.935,0.49000000953674316
Audio_Tag_Music,325.44,326.415,0.949999988079071
Audio_Tag_Music,325.92,326.89500000000004,0.9800000190734863
Audio_Tag_Music,326.4,327.375,0.8999999761581421
Audio_Tag_Music,326.88,327.855,0.8500000238418579
Audio_Tag_Music,327.36,328.33500000000004,0.8700000047683716
Audio_Tag_Music,327.84,328.815,0.7699999809265137
Audio_Tag_Music,328.32,329.295,0.699999988079071
Audio_Tag_Music,328.8,329.77500000000003,0.7099999785423279
Audio_Tag_Music,329.28,330.255,0.6800000071525574
Audio_Tag_Music,329.76,330.735,0.8299999833106995
Audio_Tag_Music,330.24,331.21500000000003,0.6000000238418579
Audio_Tag_Music,330.71999999999997,331.695,0.800000011920929
Audio_Tag_Music,331.2,332.175,0.9300000071525574
Audio_Tag_Music,331.68,332.65500000000003,0.6000000238418579
Audio_Tag_Music,332.15999999999997,333.135,0.8399999737739563
Audio_Tag_Music,332.64,333.615,0.800000011920929
Audio_Tag_Music,333.12,334.095,0.8799999952316284
Audio_Tag_Music,333.59999999999997,334.575,0.6600000262260437
Audio_Tag_Music,334.08,335.055,0.3499999940395355
Audio_Tag_Music,334.56,336.015,0.6800000071525574
Audio_Tag_Music,335.52,336.495,0.9399999976158142
Audio_Tag_Music,336.0,338.415,0.7300000190734863
Audio_Tag_Music,337.91999999999996,338.895,0.949999988079071
Audio_Tag_Music,338.4,339.375,0.9700000286102295
Audio_Tag_Music,338.88,339.855,0.9900000095367432
Audio_Tag_Music,339.36,340.33500000000004,1.0
Audio_Tag_Music,339.84,340.815,0.4000000059604645
Audio_Tag_Music,340.32,341.295,0.5199999809265137
Audio_Tag_Music,340.8,342.255,0.3700000047683716
Audio_Tag_Music,341.76,342.735,0.4099999964237213
Audio_Tag_Music,342.24,343.21500000000003,0.7300000190734863
Audio_Tag_Music,342.71999999999997,344.65500000000003,0.3100000023841858
Audio_Tag_Music,344.15999999999997,345.135,0.33000001311302185
Audio_Tag_Music,344.64,345.615,0.8999999761581421
Audio_Tag_Music,345.12,346.095,0.9300000071525574
Audio_Tag_Music,345.59999999999997,347.055,0.9100000262260437
Audio_Tag_Musical instrument,206.4,209.77499999999998,0.4300000071525574
Audio_Tag_Percussion,207.84,209.77499999999998,0.4300000071525574
Audio_Tag_Percussion,244.79999999999998,246.255,0.30000001192092896
Audio_Tag_Mallet percussion,207.84,209.77499999999998,0.6000000238418579
Audio_Tag_Mallet percussion,244.79999999999998,246.255,0.3799999952316284
Audio_Tag_Marimba| xylophone,244.79999999999998,246.255,0.33000001311302185
Audio_Tag_Steelpan,207.84,209.295,0.6600000262260437
Audio_Tag_Steelpan,208.79999999999998,209.77499999999998,0.9300000071525574
Audio_Tag_Jingle bell,213.12,214.095,0.30000001192092896
Audio_Tag_Water,10.08,16.815,0.3100000023841858
Audio_Tag_Water,16.32,18.255000000000003,0.3100000023841858
Audio_Tag_Gurgling,11.52,14.895,0.3499999940395355
Audio_Tag_Vehicle,11.52,13.455,0.5199999809265137
Audio_Tag_Vehicle,80.64,81.615,0.3700000047683716
Audio_Tag_Vehicle,94.56,97.45499999999998,0.6600000262260437
Audio_Tag_Vehicle,96.96,97.93499999999999,0.44999998807907104
Audio_Tag_Vehicle,100.8,103.695,0.46000000834465027
Audio_Tag_Vehicle,103.2,104.175,0.44999998807907104
Audio_Tag_Vehicle,121.44,122.895,0.7799999713897705
Audio_Tag_Vehicle,122.39999999999999,123.37499999999999,0.5199999809265137
Audio_Tag_Vehicle,122.88,125.29499999999999,0.3700000047683716
Audio_Tag_Vehicle,124.8,126.255,0.30000001192092896
Audio_Tag_Vehicle,125.75999999999999,126.73499999999999,0.3700000047683716
Audio_Tag_Vehicle,126.24,127.21499999999999,0.5099999904632568
Audio_Tag_Vehicle,126.72,127.695,0.46000000834465027
Audio_Tag_Vehicle,189.12,190.575,0.6399999856948853
Audio_Tag_Vehicle,190.07999999999998,191.05499999999998,0.6600000262260437
Audio_Tag_Vehicle,190.56,191.535,0.4300000071525574
Audio_Tag_Boat| Water vehicle,11.52,12.495,0.3100000023841858
Audio_Tag_Boat| Water vehicle,12.0,12.975,0.49000000953674316
Audio_Tag_Boat| Water vehicle,12.48,13.455,0.7200000286102295
Audio_Tag_Boat| Water vehicle,12.959999999999999,13.934999999999999,0.6200000047683716
Audio_Tag_Boat| Water vehicle,13.44,14.895,0.38999998569488525
Audio_Tag_Boat| Water vehicle,14.399999999999999,15.374999999999998,0.5600000023841858
Audio_Tag_Boat| Water vehicle,14.879999999999999,16.815,0.3799999952316284
Audio_Tag_Boat| Water vehicle,16.32,21.615000000000002,0.6299999952316284
Audio_Tag_Rowboat| canoe| kayak,11.52,12.975,0.5199999809265137
Audio_Tag_Rowboat| canoe| kayak,12.48,13.455,0.75
Audio_Tag_Rowboat| canoe| kayak,12.959999999999999,13.934999999999999,0.5600000023841858
Audio_Tag_Rowboat| canoe| kayak,13.44,14.895,0.4099999964237213
Audio_Tag_Rowboat| canoe| kayak,14.399999999999999,15.374999999999998,0.4399999976158142
Audio_Tag_Rowboat| canoe| kayak,19.68,21.615000000000002,0.30000001192092896
Audio_Tag_Motor vehicle on a road,94.56,97.45499999999998,0.41999998688697815
Audio_Tag_Car,94.56,97.45499999999998,0.3799999952316284
Audio_Tag_Bus,121.92,127.21499999999999,0.3100000023841858
Audio_Tag_Emergency vehicle,60.0,61.455,0.4000000059604645
Audio_Tag_Emergency vehicle,60.96,61.935,0.3400000035762787
Audio_Tag_Police car or police siren,60.0,61.935,0.75
Audio_Tag_Rail transport,80.64,81.615,0.5799999833106995
Audio_Tag_Rail transport,189.12,190.575,0.46000000834465027
Audio_Tag_Rail transport,190.07999999999998,191.535,0.5799999833106995
Audio_Tag_Train,80.64,81.615,0.5699999928474426
Audio_Tag_Train,189.12,190.575,0.44999998807907104
Audio_Tag_Train,190.07999999999998,191.535,0.5600000023841858
Audio_Tag_Railroad car| train wagon,80.64,81.615,0.30000001192092896
Audio_Tag_Railroad car| train wagon,189.12,190.575,0.36000001430511475
Audio_Tag_Railroad car| train wagon,190.07999999999998,191.535,0.4399999976158142
Audio_Tag_Sliding door,103.2,104.65499999999999,0.4300000071525574
Audio_Tag_Explosion,107.52,109.45499999999998,0.4000000059604645
Audio_Tag_Liquid,11.04,18.255000000000003,0.4099999964237213
Audio_Tag_Pour,16.8,18.255000000000003,0.5400000214576721
Audio_Tag_Trickle| dribble,16.8,18.255000000000003,0.4099999964237213
Audio_Tag_Sonar,11.04,12.014999999999999,0.4300000071525574
Audio_Tag_Clicking,189.6,191.535,0.3199999928474426
Audio_Tag_Clickety-clack,189.6,191.535,0.3199999928474426
Audio_Tag_Silence,2.4,3.855,0.3499999940395355
Audio_Tag_Silence,3.36,4.335,0.5099999904632568
Audio_Tag_Silence,3.84,4.8149999999999995,0.9900000095367432
Audio_Tag_Silence,4.32,5.295,1.0
Audio_Tag_Silence,4.8,5.7749999999999995,0.9900000095367432
Audio_Tag_Silence,5.279999999999999,6.254999999999999,0.7699999809265137
