Audio_Tag_Speech,0.0,0.975,0.9200000166893005
Audio_Tag_Speech,0.48,1.455,0.8299999833106995
Audio_Tag_Speech,0.96,1.935,0.949999988079071
Audio_Tag_Speech,1.44,2.415,1.0
Audio_Tag_Speech,8.64,10.094999999999999,0.46000000834465027
Audio_Tag_Speech,9.6,12.495,0.7400000095367432
Audio_Tag_Speech,18.72,20.655,0.4399999976158142
Audio_Tag_Speech,20.16,21.135,0.800000011920929
Audio_Tag_Speech,20.64,21.615000000000002,0.9599999785423279
Audio_Tag_Speech,21.119999999999997,22.095,0.949999988079071
Audio_Tag_Speech,22.56,23.535,0.9800000190734863
Audio_Tag_Speech,23.04,24.015,1.0
Audio_Tag_Speech,23.52,24.495,0.9399999976158142
Audio_Tag_Speech,24.0,24.975,0.4300000071525574
Audio_Tag_Speech,24.48,25.455000000000002,0.8600000143051147
Audio_Tag_Speech,24.96,25.935000000000002,0.9700000286102295
Audio_Tag_Speech,25.439999999999998,28.335,1.0
Audio_Tag_Speech,27.84,28.815,0.9800000190734863
Audio_Tag_Speech,28.32,29.295,1.0
Audio_Tag_Speech,28.799999999999997,29.775,0.9900000095367432
Audio_Tag_Speech,29.279999999999998,30.255,0.9800000190734863
Audio_Tag_Speech,29.759999999999998,31.215,1.0
Audio_Tag_Speech,30.72,31.695,0.9900000095367432
Audio_Tag_Speech,31.2,33.615,1.0
Audio_Tag_Speech,33.12,34.575,0.9900000095367432
Audio_Tag_Speech,34.08,36.015,1.0
Audio_Tag_Speech,35.519999999999996,36.495,0.9900000095367432
Audio_Tag_Speech,36.0,37.455,0.9800000190734863
Audio_Tag_Speech,36.96,37.935,1.0
Audio_Tag_Speech,37.44,38.895,0.9900000095367432
Audio_Tag_Speech,38.4,39.375,1.0
Audio_Tag_Speech,38.879999999999995,39.855,0.9900000095367432
Audio_Tag_Speech,39.36,41.775,1.0
Audio_Tag_Speech,41.28,42.255,0.949999988079071
Audio_Tag_Speech,41.76,42.735,0.9900000095367432
Audio_Tag_Speech,42.239999999999995,44.175,1.0
Audio_Tag_Speech,43.68,44.655,0.9900000095367432
Audio_Tag_Speech,44.16,45.135,0.8700000047683716
Audio_Tag_Speech,44.64,51.375,1.0
Audio_Tag_Speech,50.879999999999995,51.855,0.949999988079071
Audio_Tag_Speech,51.36,52.335,1.0
Audio_Tag_Speech,51.839999999999996,52.815,0.9800000190734863
Audio_Tag_Speech,52.32,53.295,0.4000000059604645
Audio_Tag_Speech,53.28,60.495,1.0
Audio_Tag_Speech,60.0,60.975,0.9900000095367432
Audio_Tag_Speech,60.48,61.455,0.9800000190734863
Audio_Tag_Speech,60.96,61.935,1.0
Audio_Tag_Speech,61.44,62.415,0.9800000190734863
Audio_Tag_Speech,61.919999999999995,62.894999999999996,0.9900000095367432
Audio_Tag_Speech,62.4,67.21499999999999,1.0
Audio_Tag_Speech,66.72,68.175,0.9900000095367432
Audio_Tag_Speech,67.67999999999999,72.975,1.0
Audio_Tag_Speech,72.48,73.455,0.9900000095367432
Audio_Tag_Speech,72.96,73.93499999999999,1.0
Audio_Tag_Speech,73.44,74.41499999999999,0.9900000095367432
Audio_Tag_Speech,73.92,76.815,1.0
Audio_Tag_Speech,76.32,77.29499999999999,0.9700000286102295
Audio_Tag_Speech,76.8,77.77499999999999,0.9599999785423279
Audio_Tag_Speech,77.28,78.255,0.9700000286102295
Audio_Tag_Speech,77.75999999999999,78.73499999999999,0.9399999976158142
Audio_Tag_Speech,78.24,79.21499999999999,1.0
Audio_Tag_Speech,78.72,79.695,0.9100000262260437
Audio_Tag_Speech,79.2,80.175,0.9599999785423279
Audio_Tag_Speech,79.67999999999999,80.65499999999999,0.699999988079071
Audio_Tag_Speech,80.16,81.13499999999999,0.9100000262260437
Audio_Tag_Speech,80.64,82.09499999999998,0.9900000095367432
Audio_Tag_Speech,81.6,82.57499999999999,0.9599999785423279
Audio_Tag_Speech,82.08,83.05499999999999,1.0
Audio_Tag_Speech,82.56,83.535,0.9900000095367432
Audio_Tag_Speech,83.03999999999999,84.49499999999999,0.9700000286102295
Audio_Tag_Speech,84.0,84.975,0.9800000190734863
Audio_Tag_Speech,84.47999999999999,89.29499999999999,1.0
Audio_Tag_Speech,88.8,89.77499999999999,0.949999988079071
Audio_Tag_Speech,89.28,91.695,1.0
Audio_Tag_Speech,91.2,92.175,0.9599999785423279
Audio_Tag_Speech,91.67999999999999,92.65499999999999,0.9800000190734863
Audio_Tag_Speech,92.16,97.93499999999999,1.0
Audio_Tag_Speech,97.44,98.41499999999999,0.9900000095367432
Audio_Tag_Speech,97.92,99.85499999999999,1.0
Audio_Tag_Speech,99.36,100.335,0.9800000190734863
Audio_Tag_Speech,99.84,100.815,0.9200000166893005
Audio_Tag_Speech,100.32,102.255,1.0
Audio_Tag_Speech,101.75999999999999,102.73499999999999,0.9700000286102295
Audio_Tag_Speech,102.24,103.21499999999999,0.9900000095367432
Audio_Tag_Speech,102.72,103.695,0.9800000190734863
Audio_Tag_Speech,103.2,106.57499999999999,1.0
Audio_Tag_Speech,106.08,107.05499999999999,0.9900000095367432
Audio_Tag_Speech,106.56,109.45499999999998,1.0
Audio_Tag_Speech,108.96,109.93499999999999,0.9900000095367432
Audio_Tag_Speech,109.44,111.85499999999999,1.0
Audio_Tag_Speech,111.36,112.81499999999998,0.9900000095367432
Audio_Tag_Speech,112.32,113.29499999999999,1.0
Audio_Tag_Speech,112.8,114.255,0.9900000095367432
Audio_Tag_Speech,113.75999999999999,114.73499999999999,1.0
Audio_Tag_Speech,114.24,115.21499999999999,0.9800000190734863
Audio_Tag_Speech,114.72,115.695,0.9599999785423279
Audio_Tag_Speech,115.19999999999999,116.17499999999998,0.949999988079071
Audio_Tag_Speech,115.67999999999999,117.13499999999999,0.9700000286102295
Audio_Tag_Speech,116.64,117.615,0.9900000095367432
Audio_Tag_Speech,117.11999999999999,118.09499999999998,1.0
Audio_Tag_Speech,117.6,118.57499999999999,0.949999988079071
Audio_Tag_Speech,118.08,119.05499999999999,0.8700000047683716
Audio_Tag_Speech,118.56,119.535,0.8899999856948853
Audio_Tag_Speech,119.03999999999999,120.01499999999999,0.9100000262260437
Audio_Tag_Speech,119.52,120.49499999999999,0.9599999785423279
Audio_Tag_Speech,120.0,120.975,0.9800000190734863
Audio_Tag_Speech,120.47999999999999,121.45499999999998,0.9599999785423279
Audio_Tag_Speech,120.96,121.93499999999999,0.9700000286102295
Audio_Tag_Speech,121.44,122.895,0.9900000095367432
Audio_Tag_Speech,122.39999999999999,123.37499999999999,0.9700000286102295
Audio_Tag_Speech,122.88,124.335,0.9900000095367432
Audio_Tag_Speech,123.83999999999999,124.81499999999998,0.9800000190734863
Audio_Tag_Speech,124.32,125.29499999999999,0.9599999785423279
Audio_Tag_Speech,124.8,126.255,1.0
Audio_Tag_Speech,125.75999999999999,126.73499999999999,0.9900000095367432
Audio_Tag_Speech,126.24,130.095,1.0
Audio_Tag_Speech,130.07999999999998,131.535,0.3700000047683716
Audio_Tag_Speech,131.04,132.015,0.9900000095367432
Audio_Tag_Speech,131.51999999999998,133.935,1.0
Audio_Tag_Speech,133.44,134.415,0.9900000095367432
Audio_Tag_Speech,133.92,138.255,1.0
Audio_Tag_Speech,137.76,138.73499999999999,0.9900000095367432
Audio_Tag_Speech,138.24,143.535,1.0
Audio_Tag_Speech,143.04,144.015,0.9399999976158142
Audio_Tag_Speech,143.51999999999998,147.375,1.0
Audio_Tag_Speech,146.88,147.855,0.9900000095367432
Audio_Tag_Speech,147.35999999999999,150.255,1.0
Audio_Tag_Speech,149.76,151.21499999999997,0.9900000095367432
Audio_Tag_Speech,150.72,151.695,0.9700000286102295
Audio_Tag_Speech,151.2,152.17499999999998,0.9800000190734863
Audio_Tag_Speech,151.68,152.655,1.0
Audio_Tag_Speech,152.16,153.61499999999998,0.9900000095367432
Audio_Tag_Speech,153.12,155.05499999999998,1.0
Audio_Tag_Speech,154.56,155.535,0.949999988079071
Audio_Tag_Speech,155.04,156.015,0.9300000071525574
Audio_Tag_Speech,155.51999999999998,156.49499999999998,1.0
Audio_Tag_Speech,156.0,156.975,0.9900000095367432
Audio_Tag_Speech,156.48,158.89499999999998,1.0
Audio_Tag_Speech,158.4,159.375,0.9800000190734863
Audio_Tag_Speech,158.88,161.295,1.0
Audio_Tag_Speech,160.79999999999998,161.77499999999998,0.8999999761581421
Audio_Tag_Speech,161.28,162.255,0.9599999785423279
Audio_Tag_Speech,161.76,162.73499999999999,0.9900000095367432
Audio_Tag_Speech,162.23999999999998,165.61499999999998,1.0
Audio_Tag_Speech,165.12,167.05499999999998,0.9900000095367432
Audio_Tag_Speech,166.56,168.975,1.0
Audio_Tag_Speech,168.48,169.45499999999998,0.949999988079071
Audio_Tag_Speech,168.95999999999998,170.89499999999998,1.0
Audio_Tag_Speech,170.4,171.375,0.9900000095367432
Audio_Tag_Speech,170.88,171.855,0.9800000190734863
Audio_Tag_Speech,171.35999999999999,172.33499999999998,0.8799999952316284
Audio_Tag_Speech,171.84,172.815,0.9300000071525574
Audio_Tag_Speech,172.32,173.295,0.9900000095367432
Audio_Tag_Speech,172.79999999999998,174.255,1.0
Audio_Tag_Speech,173.76,174.73499999999999,0.9900000095367432
Audio_Tag_Speech,174.23999999999998,176.17499999999998,1.0
Audio_Tag_Speech,175.68,177.135,0.9900000095367432
Audio_Tag_Speech,176.64,177.61499999999998,0.9700000286102295
Audio_Tag_Speech,177.12,179.535,1.0
Audio_Tag_Speech,179.04,180.015,0.9599999785423279
Audio_Tag_Speech,179.51999999999998,180.49499999999998,1.0
Audio_Tag_Speech,180.0,180.975,0.9800000190734863
Audio_Tag_Speech,180.48,181.45499999999998,1.0
Audio_Tag_Speech,180.95999999999998,181.93499999999997,0.8199999928474426
Audio_Tag_Speech,181.44,182.415,0.7200000286102295
Audio_Tag_Speech,181.92,183.855,1.0
Audio_Tag_Speech,183.35999999999999,184.33499999999998,0.9800000190734863
Audio_Tag_Speech,183.84,185.295,1.0
Audio_Tag_Speech,184.79999999999998,185.77499999999998,0.9900000095367432
Audio_Tag_Speech,185.28,187.695,1.0
Audio_Tag_Speech,187.2,188.17499999999998,0.9900000095367432
Audio_Tag_Speech,187.68,188.655,1.0
Audio_Tag_Speech,188.16,189.135,0.9900000095367432
Audio_Tag_Speech,188.64,190.095,1.0
Audio_Tag_Speech,189.6,190.575,0.9900000095367432
Audio_Tag_Speech,190.07999999999998,193.93499999999997,1.0
Audio_Tag_Speech,193.44,194.415,0.9900000095367432
Audio_Tag_Speech,193.92,194.89499999999998,0.9200000166893005
Audio_Tag_Speech,194.4,195.375,1.0
Audio_Tag_Speech,194.88,195.855,0.9900000095367432
Audio_Tag_Speech,195.35999999999999,196.815,1.0
Audio_Tag_Speech,196.32,197.295,0.949999988079071
Audio_Tag_Speech,196.79999999999998,199.695,1.0
Audio_Tag_Speech,199.2,200.17499999999998,0.9900000095367432
Audio_Tag_Speech,199.68,204.49499999999998,1.0
Audio_Tag_Speech,204.0,204.975,0.9900000095367432
Audio_Tag_Speech,204.48,206.415,1.0
Audio_Tag_Speech,205.92,206.89499999999998,0.9900000095367432
Audio_Tag_Speech,206.4,212.65499999999997,1.0
Audio_Tag_Speech,212.16,213.135,0.9900000095367432
Audio_Tag_Speech,212.64,216.49499999999998,1.0
Audio_Tag_Speech,216.0,216.975,0.9900000095367432
Audio_Tag_Speech,216.48,217.45499999999998,1.0
Audio_Tag_Speech,216.95999999999998,217.93499999999997,0.9800000190734863
Audio_Tag_Speech,217.44,218.415,0.9900000095367432
Audio_Tag_Speech,217.92,222.73499999999999,1.0
Audio_Tag_Speech,222.23999999999998,223.21499999999997,0.9900000095367432
Audio_Tag_Speech,222.72,223.695,1.0
Audio_Tag_Speech,223.2,224.17499999999998,0.9599999785423279
Audio_Tag_Speech,223.67999999999998,224.65499999999997,0.9900000095367432
Audio_Tag_Speech,224.16,226.095,1.0
Audio_Tag_Speech,225.6,226.575,0.9900000095367432
Audio_Tag_Speech,226.07999999999998,228.015,1.0
Audio_Tag_Speech,227.51999999999998,228.49499999999998,0.7400000095367432
Audio_Tag_Speech,228.0,228.975,0.9399999976158142
Audio_Tag_Speech,228.48,229.45499999999998,0.9900000095367432
Audio_Tag_Speech,228.95999999999998,229.93499999999997,1.0
Audio_Tag_Speech,229.44,230.415,0.9800000190734863
Audio_Tag_Speech,229.92,230.89499999999998,1.0
Audio_Tag_Speech,230.39999999999998,231.37499999999997,0.7599999904632568
Audio_Tag_Speech,230.88,231.855,0.8399999737739563
Audio_Tag_Speech,231.35999999999999,232.33499999999998,0.9100000262260437
Audio_Tag_Speech,233.28,235.21499999999997,1.0
Audio_Tag_Speech,234.72,235.695,0.9800000190734863
Audio_Tag_Speech,235.2,237.61499999999998,1.0
Audio_Tag_Speech,237.12,238.575,0.9900000095367432
Audio_Tag_Speech,238.07999999999998,240.015,1.0
Audio_Tag_Speech,239.51999999999998,240.49499999999998,0.9900000095367432
Audio_Tag_Speech,240.0,243.855,1.0
Audio_Tag_Speech,243.35999999999999,244.33499999999998,0.9900000095367432
Audio_Tag_Speech,243.84,247.21499999999997,1.0
Audio_Tag_Speech,246.72,247.695,0.9900000095367432
Audio_Tag_Speech,247.2,249.135,1.0
Audio_Tag_Speech,248.64,249.61499999999998,0.9900000095367432
Audio_Tag_Speech,249.12,250.575,1.0
Audio_Tag_Speech,250.07999999999998,251.535,0.9900000095367432
Audio_Tag_Speech,251.04,252.49499999999998,1.0
Audio_Tag_Speech,252.0,252.975,0.9900000095367432
Audio_Tag_Speech,252.48,254.415,1.0
Audio_Tag_Speech,253.92,254.89499999999998,0.9900000095367432
Audio_Tag_Speech,254.39999999999998,256.815,1.0
Audio_Tag_Speech,256.32,257.295,0.9900000095367432
Audio_Tag_Speech,256.8,258.255,1.0
Audio_Tag_Speech,257.76,258.735,0.9800000190734863
Audio_Tag_Speech,258.24,261.615,1.0
Audio_Tag_Speech,261.12,263.055,0.9900000095367432
Audio_Tag_Speech,262.56,264.975,1.0
Audio_Tag_Speech,264.48,265.45500000000004,0.9599999785423279
Audio_Tag_Speech,264.96,265.935,1.0
Audio_Tag_Speech,265.44,266.415,0.9900000095367432
Audio_Tag_Speech,265.92,266.89500000000004,0.9800000190734863
Audio_Tag_Speech,267.36,269.77500000000003,1.0
Audio_Tag_Speech,269.28,270.255,0.9700000286102295
Audio_Tag_Speech,269.76,271.21500000000003,0.9900000095367432
Audio_Tag_Speech,270.71999999999997,271.695,0.949999988079071
Audio_Tag_Speech,271.2,272.175,0.9900000095367432
Audio_Tag_Speech,271.68,273.615,1.0
Audio_Tag_Speech,273.12,274.575,0.9900000095367432
Audio_Tag_Speech,274.08,275.055,0.9800000190734863
Audio_Tag_Speech,274.56,275.535,1.0
Audio_Tag_Speech,275.03999999999996,276.015,0.9900000095367432
Audio_Tag_Speech,275.52,276.495,0.800000011920929
Audio_Tag_Speech,276.0,276.975,0.8100000023841858
Audio_Tag_Speech,276.48,277.45500000000004,0.9900000095367432
Audio_Tag_Speech,276.96,277.935,0.9200000166893005
Audio_Tag_Speech,277.44,279.375,1.0
Audio_Tag_Speech,278.88,279.855,0.9900000095367432
Audio_Tag_Speech,279.36,280.815,1.0
Audio_Tag_Speech,280.32,281.295,0.8899999856948853
Audio_Tag_Speech,280.8,281.77500000000003,0.9700000286102295
Audio_Tag_Speech,281.28,282.735,0.9900000095367432
Audio_Tag_Speech,282.24,283.21500000000003,0.9599999785423279
Audio_Tag_Speech,282.71999999999997,283.695,1.0
Audio_Tag_Speech,283.2,284.175,0.49000000953674316
Audio_Tag_Speech,283.68,284.65500000000003,0.9900000095367432
Audio_Tag_Speech,284.15999999999997,285.615,1.0
Audio_Tag_Speech,285.12,286.095,0.8899999856948853
Audio_Tag_Speech,285.59999999999997,286.575,0.9200000166893005
Audio_Tag_Speech,286.08,287.055,0.9599999785423279
Audio_Tag_Speech,286.56,287.535,0.9399999976158142
Audio_Tag_Speech,287.03999999999996,288.015,0.9900000095367432
Audio_Tag_Speech,287.52,288.495,1.0
Audio_Tag_Speech,288.0,288.975,0.9700000286102295
Audio_Tag_Speech,288.47999999999996,291.855,1.0
Audio_Tag_Speech,291.36,292.33500000000004,0.9900000095367432
Audio_Tag_Speech,291.84,292.815,0.9800000190734863
Audio_Tag_Speech,292.32,293.295,0.6299999952316284
Audio_Tag_Speech,292.8,294.255,0.9800000190734863
Audio_Tag_Speech,293.76,294.735,0.9900000095367432
Audio_Tag_Speech,294.24,296.65500000000003,1.0
Audio_Tag_Speech,296.15999999999997,297.615,0.9900000095367432
Audio_Tag_Speech,297.12,298.095,0.9599999785423279
Audio_Tag_Speech,297.59999999999997,298.575,0.9900000095367432
Audio_Tag_Speech,298.08,301.455,1.0
Audio_Tag_Speech,300.96,301.935,0.949999988079071
Audio_Tag_Speech,301.44,303.375,0.75
Audio_Tag_Speech,302.88,303.855,0.9399999976158142
Audio_Tag_Speech,303.36,304.33500000000004,1.0
Audio_Tag_Speech,303.84,304.815,0.9900000095367432
Audio_Tag_Speech,304.32,305.77500000000003,0.9800000190734863
Audio_Tag_Speech,305.28,306.255,1.0
Audio_Tag_Speech,305.76,306.735,0.9900000095367432
Audio_Tag_Speech,306.24,307.21500000000003,0.9200000166893005
Audio_Tag_Speech,306.71999999999997,307.695,1.0
Audio_Tag_Speech,307.2,308.175,0.9700000286102295
Audio_Tag_Speech,307.68,308.65500000000003,0.9900000095367432
Audio_Tag_Speech,308.15999999999997,309.135,0.8199999928474426
Audio_Tag_Speech,308.64,309.615,1.0
Audio_Tag_Speech,309.12,311.055,0.9900000095367432
Audio_Tag_Speech,310.56,311.535,1.0
Audio_Tag_Speech,311.03999999999996,312.015,0.9900000095367432
Audio_Tag_Speech,311.52,312.495,0.9800000190734863
Audio_Tag_Speech,312.0,313.455,1.0
Audio_Tag_Speech,312.96,313.935,0.9900000095367432
Audio_Tag_Speech,313.44,314.415,1.0
Audio_Tag_Speech,313.92,314.89500000000004,0.9900000095367432
Audio_Tag_Speech,314.4,316.815,1.0
Audio_Tag_Speech,316.32,317.77500000000003,0.9900000095367432
Audio_Tag_Speech,317.28,318.255,1.0
Audio_Tag_Speech,317.76,318.735,0.9900000095367432
Audio_Tag_Speech,318.24,320.65500000000003,1.0
Audio_Tag_Speech,320.15999999999997,321.135,0.9800000190734863
Audio_Tag_Speech,320.64,323.055,1.0
Audio_Tag_Speech,322.56,323.535,0.9900000095367432
Audio_Tag_Speech,323.03999999999996,324.495,1.0
Audio_Tag_Speech,324.0,324.975,0.9900000095367432
Audio_Tag_Speech,324.47999999999996,327.855,1.0
Audio_Tag_Speech,327.36,328.33500000000004,0.9399999976158142
Audio_Tag_Speech,327.84,330.255,1.0
Audio_Tag_Speech,329.76,331.21500000000003,0.9900000095367432
Audio_Tag_Speech,330.71999999999997,332.175,1.0
Audio_Tag_Speech,331.68,333.135,0.9900000095367432
Audio_Tag_Speech,332.64,333.615,1.0
Audio_Tag_Speech,333.12,334.575,0.9900000095367432
Audio_Tag_Speech,334.08,335.535,1.0
Audio_Tag_Speech,335.03999999999996,336.495,0.9900000095367432
Audio_Tag_Speech,336.0,336.975,1.0
Audio_Tag_Speech,336.47999999999996,337.935,0.9900000095367432
Audio_Tag_Speech,337.44,338.895,1.0
Audio_Tag_Speech,338.4,339.375,0.9900000095367432
Audio_Tag_Speech,338.88,339.855,0.8899999856948853
Audio_Tag_Speech,339.36,340.33500000000004,0.9700000286102295
Audio_Tag_Speech,339.84,341.295,1.0
Audio_Tag_Speech,340.8,341.77500000000003,0.9800000190734863
Audio_Tag_Speech,341.28,342.255,0.949999988079071
Audio_Tag_Speech,341.76,342.735,1.0
Audio_Tag_Speech,342.24,343.21500000000003,0.9900000095367432
Audio_Tag_Speech,342.71999999999997,343.695,0.8700000047683716
Audio_Tag_Speech,343.2,344.65500000000003,0.27000001072883606
Audio_Tag_Speech,344.15999999999997,345.135,0.9700000286102295
Audio_Tag_Speech,344.64,350.895,1.0
Audio_Tag_Speech,350.4,351.375,0.9900000095367432
Audio_Tag_Speech,350.88,352.33500000000004,1.0
Audio_Tag_Speech,351.84,352.815,0.9900000095367432
Audio_Tag_Speech,352.32,354.735,1.0
Audio_Tag_Speech,354.24,355.21500000000003,0.9900000095367432
Audio_Tag_Speech,354.71999999999997,359.055,1.0
Audio_Tag_Speech,358.56,359.535,0.9900000095367432
Audio_Tag_Speech,359.03999999999996,361.935,1.0
Audio_Tag_Speech,361.44,362.415,0.8100000023841858
Audio_Tag_Speech,361.91999999999996,362.895,1.0
Audio_Tag_Speech,362.4,363.855,0.9800000190734863
Audio_Tag_Speech,363.36,364.33500000000004,0.9900000095367432
Audio_Tag_Speech,363.84,364.815,0.4699999988079071
Audio_Tag_Speech,364.32,365.295,0.9599999785423279
Audio_Tag_Speech,364.8,365.77500000000003,0.9900000095367432
Audio_Tag_Speech,365.28,366.255,1.0
Audio_Tag_Speech,365.76,367.695,0.9900000095367432
Audio_Tag_Speech,367.2,368.175,0.9599999785423279
Audio_Tag_Speech,367.68,368.65500000000003,0.9900000095367432
Audio_Tag_Speech,368.15999999999997,369.135,0.9800000190734863
Audio_Tag_Speech,368.64,369.615,0.9900000095367432
Audio_Tag_Speech,369.12,370.095,1.0
Audio_Tag_Speech,369.59999999999997,370.575,0.9900000095367432
Audio_Tag_Speech,370.08,371.055,1.0
Audio_Tag_Speech,370.56,371.535,0.9700000286102295
Audio_Tag_Speech,371.03999999999996,372.015,0.9900000095367432
Audio_Tag_Speech,371.52,372.495,0.9800000190734863
Audio_Tag_Speech,372.0,373.935,0.9900000095367432
Audio_Tag_Speech,373.44,374.895,0.9800000190734863
Audio_Tag_Speech,374.4,375.375,0.9900000095367432
Audio_Tag_Speech,374.88,375.855,0.9399999976158142
Audio_Tag_Speech,375.36,376.33500000000004,0.9900000095367432
Audio_Tag_Speech,375.84,376.815,0.9800000190734863
Audio_Tag_Speech,376.32,377.295,0.9900000095367432
Audio_Tag_Speech,376.8,377.77500000000003,0.9800000190734863
Audio_Tag_Speech,377.28,380.65500000000003,1.0
Audio_Tag_Speech,380.15999999999997,383.055,0.9900000095367432
Audio_Tag_Speech,382.56,383.535,0.9800000190734863
Audio_Tag_Speech,383.03999999999996,384.015,1.0
Audio_Tag_Speech,383.52,384.495,0.9900000095367432
Audio_Tag_Speech,384.0,384.975,1.0
Audio_Tag_Speech,384.47999999999996,385.935,0.9900000095367432
Audio_Tag_Speech,385.44,386.415,1.0
Audio_Tag_Speech,385.91999999999996,386.895,0.9900000095367432
Audio_Tag_Speech,386.4,387.375,0.9100000262260437
Audio_Tag_Speech,386.88,388.33500000000004,1.0
Audio_Tag_Speech,387.84,388.815,0.9900000095367432
Audio_Tag_Speech,388.32,389.295,1.0
Audio_Tag_Speech,388.8,389.77500000000003,0.9300000071525574
Audio_Tag_Speech,389.28,390.255,0.9900000095367432
Audio_Tag_Speech,389.76,390.735,0.9300000071525574
Audio_Tag_Speech,390.24,391.21500000000003,0.9900000095367432
Audio_Tag_Speech,390.71999999999997,392.175,1.0
Audio_Tag_Speech,391.68,392.65500000000003,0.9900000095367432
Audio_Tag_Speech,392.15999999999997,393.135,1.0
Audio_Tag_Speech,392.64,393.615,0.9700000286102295
Audio_Tag_Speech,393.12,394.095,0.9800000190734863
Audio_Tag_Speech,393.59999999999997,395.535,1.0
Audio_Tag_Speech,395.03999999999996,396.015,0.949999988079071
Audio_Tag_Speech,395.52,396.495,0.9800000190734863
Audio_Tag_Speech,396.0,396.975,0.9900000095367432
Audio_Tag_Speech,396.47999999999996,397.455,1.0
Audio_Tag_Speech,396.96,397.935,0.9900000095367432
Audio_Tag_Speech,397.44,398.415,0.8399999737739563
Audio_Tag_Speech,397.91999999999996,398.895,0.9900000095367432
Audio_Tag_Speech,398.4,400.33500000000004,1.0
Audio_Tag_Speech,399.84,400.815,0.949999988079071
Audio_Tag_Speech,400.32,401.295,1.0
Audio_Tag_Speech,400.8,401.77500000000003,0.9800000190734863
Audio_Tag_Speech,401.28,402.255,0.8600000143051147
Audio_Tag_Speech,401.76,402.735,0.9700000286102295
Audio_Tag_Speech,402.24,403.21500000000003,0.9900000095367432
Audio_Tag_Speech,402.71999999999997,406.095,1.0
Audio_Tag_Speech,405.59999999999997,407.055,0.9900000095367432
Audio_Tag_Speech,406.56,408.015,1.0
Audio_Tag_Speech,407.52,408.495,0.9900000095367432
Audio_Tag_Speech,408.0,408.975,0.9800000190734863
Audio_Tag_Speech,408.47999999999996,409.455,1.0
Audio_Tag_Speech,408.96,409.935,0.9900000095367432
Audio_Tag_Speech,409.44,410.415,0.9700000286102295
Audio_Tag_Speech,409.91999999999996,411.375,1.0
Audio_Tag_Speech,410.88,412.335,0.9900000095367432
Audio_Tag_Speech,411.84,412.815,0.9800000190734863
Audio_Tag_Speech,412.32,413.295,0.9599999785423279
Audio_Tag_Speech,412.8,413.77500000000003,0.9800000190734863
Audio_Tag_Speech,413.28,414.255,0.9100000262260437
Audio_Tag_Speech,413.76,415.695,1.0
Audio_Tag_Speech,415.2,416.175,0.9800000190734863
Audio_Tag_Speech,415.68,416.65500000000003,1.0
Audio_Tag_Speech,416.15999999999997,417.135,0.9300000071525574
Audio_Tag_Speech,416.64,417.615,0.9800000190734863
Audio_Tag_Speech,417.12,418.575,0.9900000095367432
Audio_Tag_Speech,418.08,419.535,0.9800000190734863
Audio_Tag_Speech,419.03999999999996,420.015,0.9900000095367432
Audio_Tag_Speech,419.52,420.495,1.0
Audio_Tag_Speech,420.0,420.975,0.9900000095367432
Audio_Tag_Speech,420.47999999999996,421.455,0.949999988079071
Audio_Tag_Speech,420.96,422.415,0.9900000095367432
Audio_Tag_Speech,421.91999999999996,422.895,0.9800000190734863
Audio_Tag_Speech,422.4,423.375,0.8399999737739563
Audio_Tag_Speech,422.88,423.855,0.9900000095367432
Audio_Tag_Speech,423.35999999999996,424.335,1.0
Audio_Tag_Speech,423.84,425.295,0.9900000095367432
Audio_Tag_Speech,424.8,425.77500000000003,0.8899999856948853
Audio_Tag_Speech,425.28,426.255,0.9300000071525574
Audio_Tag_Speech,425.76,426.735,0.9900000095367432
Audio_Tag_Speech,426.24,427.695,0.9700000286102295
Audio_Tag_Speech,427.2,428.175,1.0
Audio_Tag_Speech,427.68,428.65500000000003,0.9800000190734863
Audio_Tag_Speech,428.15999999999997,429.135,0.9900000095367432
Audio_Tag_Speech,428.64,429.615,1.0
Audio_Tag_Speech,429.12,430.095,0.9900000095367432
Audio_Tag_Speech,429.59999999999997,430.575,0.9700000286102295
Audio_Tag_Speech,430.08,431.055,0.9399999976158142
Audio_Tag_Speech,430.56,431.535,0.9300000071525574
Audio_Tag_Speech,431.03999999999996,432.015,0.949999988079071
Audio_Tag_Speech,431.52,432.495,0.9900000095367432
Audio_Tag_Speech,432.0,432.975,0.9800000190734863
Audio_Tag_Speech,432.47999999999996,433.455,0.9900000095367432
Audio_Tag_Speech,432.96,434.895,0.9599999785423279
Audio_Tag_Speech,434.4,435.375,0.9800000190734863
Audio_Tag_Speech,434.88,435.855,0.9900000095367432
Audio_Tag_Speech,435.35999999999996,436.335,0.9800000190734863
Audio_Tag_Speech,435.84,436.815,0.9599999785423279
Audio_Tag_Speech,436.32,437.295,0.9900000095367432
Audio_Tag_Speech,436.8,437.77500000000003,0.9700000286102295
Audio_Tag_Speech,437.28,438.255,0.9900000095367432
Audio_Tag_Speech,437.76,439.695,1.0
Audio_Tag_Speech,439.2,440.175,0.9599999785423279
Audio_Tag_Speech,439.68,440.65500000000003,0.9800000190734863
Audio_Tag_Speech,440.15999999999997,441.135,0.9900000095367432
Audio_Tag_Speech,440.64,443.535,1.0
Audio_Tag_Speech,443.03999999999996,444.015,0.9900000095367432
Audio_Tag_Speech,443.52,444.975,0.9800000190734863
Audio_Tag_Speech,444.47999999999996,446.415,0.9599999785423279
Audio_Tag_Speech,445.91999999999996,446.895,1.0
Audio_Tag_Speech,446.4,447.855,0.9900000095367432
Audio_Tag_Speech,447.35999999999996,449.295,1.0
Audio_Tag_Speech,448.8,449.77500000000003,0.5600000023841858
Audio_Tag_Speech,449.28,450.255,1.0
Audio_Tag_Speech,449.76,450.735,0.9900000095367432
Audio_Tag_Speech,450.24,451.21500000000003,0.9599999785423279
Audio_Tag_Speech,450.71999999999997,451.695,1.0
Audio_Tag_Speech,451.2,452.175,0.9900000095367432
Audio_Tag_Speech,451.68,452.65500000000003,0.5899999737739563
Audio_Tag_Speech,452.15999999999997,454.095,1.0
Audio_Tag_Speech,453.59999999999997,454.575,0.9700000286102295
Audio_Tag_Speech,454.08,455.055,0.9100000262260437
Audio_Tag_Speech,454.56,456.015,1.0
Audio_Tag_Speech,455.52,456.495,0.9900000095367432
Audio_Tag_Speech,456.0,456.975,1.0
Audio_Tag_Speech,456.47999999999996,457.455,0.9900000095367432
Audio_Tag_Speech,456.96,458.415,1.0
Audio_Tag_Speech,457.91999999999996,458.895,0.9800000190734863
Audio_Tag_Speech,458.4,459.375,0.9900000095367432
Audio_Tag_Speech,458.88,460.815,1.0
Audio_Tag_Speech,460.32,461.295,0.9900000095367432
Audio_Tag_Speech,460.79999999999995,462.255,1.0
Audio_Tag_Speech,461.76,462.735,0.9800000190734863
Audio_Tag_Speech,462.24,464.175,0.9900000095367432
Audio_Tag_Speech,463.68,466.575,1.0
Audio_Tag_Speech,466.08,467.055,0.9900000095367432
Audio_Tag_Speech,466.56,468.015,1.0
Audio_Tag_Speech,467.52,468.495,0.9800000190734863
Audio_Tag_Speech,468.0,468.975,1.0
Audio_Tag_Speech,468.47999999999996,469.455,0.9900000095367432
Audio_Tag_Speech,468.96,469.935,1.0
Audio_Tag_Speech,469.44,470.415,0.9700000286102295
Audio_Tag_Speech,469.91999999999996,471.375,1.0
Audio_Tag_Speech,470.88,471.855,0.9900000095367432
Audio_Tag_Speech,471.35999999999996,476.65500000000003,1.0
Audio_Tag_Speech,476.15999999999997,477.135,0.9800000190734863
Audio_Tag_Speech,476.64,477.615,0.9900000095367432
Audio_Tag_Speech,477.12,478.095,1.0
Audio_Tag_Speech,477.59999999999997,478.575,0.9900000095367432
Audio_Tag_Speech,478.08,479.055,0.9700000286102295
Audio_Tag_Speech,478.56,479.535,0.9800000190734863
Audio_Tag_Speech,479.03999999999996,480.495,0.9900000095367432
Audio_Tag_Speech,480.0,480.975,0.9599999785423279
Audio_Tag_Speech,480.47999999999996,481.455,1.0
Audio_Tag_Speech,480.96,481.935,0.9900000095367432
Audio_Tag_Speech,481.44,482.415,0.8500000238418579
Audio_Tag_Speech,481.91999999999996,482.895,1.0
Audio_Tag_Speech,482.4,483.375,0.9900000095367432
Audio_Tag_Speech,482.88,483.855,1.0
Audio_Tag_Speech,483.35999999999996,484.335,0.9900000095367432
Audio_Tag_Speech,483.84,484.815,0.9800000190734863
Audio_Tag_Speech,484.32,485.775,0.9900000095367432
Audio_Tag_Speech,485.28,487.21500000000003,1.0
Audio_Tag_Speech,486.71999999999997,487.695,0.9900000095367432
Audio_Tag_Speech,487.2,488.65500000000003,1.0
Audio_Tag_Speech,488.15999999999997,489.135,0.9900000095367432
Audio_Tag_Speech,488.64,489.615,1.0
Audio_Tag_Speech,489.12,490.095,0.9800000190734863
Audio_Tag_Speech,489.59999999999997,491.535,1.0
Audio_Tag_Speech,491.03999999999996,492.015,0.9900000095367432
Audio_Tag_Speech,491.52,493.455,1.0
Audio_Tag_Speech,492.96,493.935,0.9900000095367432
Audio_Tag_Speech,493.44,494.415,0.8199999928474426
Audio_Tag_Speech,493.91999999999996,494.895,0.9700000286102295
Audio_Tag_Speech,494.4,495.375,0.9900000095367432
Audio_Tag_Speech,494.88,495.855,1.0
Audio_Tag_Speech,495.35999999999996,496.335,0.9399999976158142
Audio_Tag_Speech,495.84,496.815,0.9800000190734863
Audio_Tag_Speech,496.32,497.295,0.9900000095367432
Audio_Tag_Speech,496.79999999999995,497.775,0.9599999785423279
Audio_Tag_Speech,497.28,498.735,1.0
Audio_Tag_Speech,498.24,499.695,0.9900000095367432
Audio_Tag_Speech,499.2,500.65500000000003,1.0
Audio_Tag_Speech,500.15999999999997,501.615,0.9900000095367432
Audio_Tag_Speech,501.12,502.095,0.9700000286102295
Audio_Tag_Speech,501.59999999999997,502.575,0.6399999856948853
Audio_Tag_Speech,502.08,504.015,1.0
Audio_Tag_Speech,503.52,504.495,0.9599999785423279
Audio_Tag_Speech,504.0,504.975,1.0
Audio_Tag_Speech,504.47999999999996,505.455,0.9900000095367432
Audio_Tag_Speech,504.96,505.935,0.9800000190734863
Audio_Tag_Speech,505.44,506.415,0.27000001072883606
Audio_Tag_Speech,505.91999999999996,507.375,0.9100000262260437
Audio_Tag_Speech,506.88,507.855,0.9700000286102295
Audio_Tag_Speech,507.35999999999996,508.815,1.0
Audio_Tag_Speech,508.32,509.295,0.9900000095367432
Audio_Tag_Speech,508.79999999999995,509.775,0.9800000190734863
Audio_Tag_Speech,509.28,510.255,0.9900000095367432
Audio_Tag_Speech,509.76,514.095,1.0
Audio_Tag_Speech,513.6,514.575,0.9900000095367432
Audio_Tag_Speech,514.0799999999999,515.535,1.0
Audio_Tag_Speech,515.04,516.015,0.9900000095367432
Audio_Tag_Speech,515.52,516.495,0.9800000190734863
Audio_Tag_Speech,516.0,522.255,1.0
Audio_Tag_Speech,521.76,522.735,0.9900000095367432
Audio_Tag_Speech,522.24,523.215,0.9800000190734863
Audio_Tag_Speech,522.72,529.9350000000001,1.0
Audio_Tag_Speech,529.4399999999999,530.415,0.9900000095367432
Audio_Tag_Speech,529.92,531.375,1.0
Audio_Tag_Speech,530.88,531.855,0.9800000190734863
Audio_Tag_Speech,531.36,532.815,0.9900000095367432
Audio_Tag_Speech,532.8,533.775,0.8399999737739563
Audio_Tag_Speech,533.28,534.255,0.8999999761581421
Audio_Tag_Speech,533.76,534.735,0.9800000190734863
Audio_Tag_Speech,534.24,535.695,1.0
Audio_Tag_Speech,535.1999999999999,536.175,0.9800000190734863
Audio_Tag_Speech,535.68,537.135,1.0
Audio_Tag_Speech,536.64,537.615,0.9900000095367432
Audio_Tag_Speech,537.12,538.095,0.9800000190734863
Audio_Tag_Speech,537.6,538.575,0.9900000095367432
Audio_Tag_Speech,538.0799999999999,539.055,1.0
Audio_Tag_Speech,538.56,539.535,0.9900000095367432
Audio_Tag_Speech,539.04,540.015,1.0
Audio_Tag_Speech,539.52,540.495,0.9399999976158142
Audio_Tag_Speech,540.0,541.455,0.9900000095367432
Audio_Tag_Speech,540.96,541.9350000000001,0.9700000286102295
Audio_Tag_Speech,541.4399999999999,542.895,0.9800000190734863
Audio_Tag_Speech,542.4,543.375,0.9900000095367432
Audio_Tag_Speech,542.88,543.855,1.0
Audio_Tag_Speech,543.36,544.335,0.9900000095367432
Audio_Tag_Speech,543.84,544.815,0.949999988079071
Audio_Tag_Speech,544.3199999999999,545.295,0.9700000286102295
Audio_Tag_Speech,544.8,545.775,0.9599999785423279
Audio_Tag_Speech,545.28,546.255,0.9900000095367432
Audio_Tag_Speech,545.76,546.735,0.9700000286102295
Audio_Tag_Speech,546.24,547.695,1.0
Audio_Tag_Speech,547.1999999999999,548.175,0.949999988079071
Audio_Tag_Speech,547.68,549.135,0.9900000095367432
Audio_Tag_Speech,548.64,549.615,0.9700000286102295
Audio_Tag_Speech,549.12,550.095,0.949999988079071
Audio_Tag_Speech,549.6,550.575,0.8399999737739563
Audio_Tag_Speech,550.0799999999999,551.055,0.949999988079071
Audio_Tag_Speech,550.56,551.535,0.9399999976158142
Audio_Tag_Speech,551.04,552.015,0.949999988079071
Audio_Tag_Speech,551.52,552.975,1.0
Audio_Tag_Speech,552.48,553.455,0.9900000095367432
Audio_Tag_Speech,552.96,554.415,1.0
Audio_Tag_Speech,553.92,554.895,0.9800000190734863
Audio_Tag_Speech,554.4,555.375,0.9900000095367432
Audio_Tag_Speech,554.88,555.855,1.0
Audio_Tag_Speech,555.36,556.335,0.9800000190734863
Audio_Tag_Speech,555.84,556.815,0.9399999976158142
Audio_Tag_Speech,556.3199999999999,557.295,0.9800000190734863
Audio_Tag_Speech,556.8,557.775,0.9900000095367432
Audio_Tag_Speech,557.28,558.255,0.9100000262260437
Audio_Tag_Speech,557.76,558.735,0.9800000190734863
Audio_Tag_Speech,558.24,559.215,0.9700000286102295
Audio_Tag_Speech,558.72,559.695,0.30000001192092896
Audio_Tag_Speech,559.1999999999999,560.655,0.6200000047683716
Audio_Tag_Speech,560.16,561.135,0.7400000095367432
Audio_Tag_Speech,560.64,562.095,0.9300000071525574
Audio_Tag_Speech,561.6,562.575,0.9800000190734863
Audio_Tag_Speech,562.0799999999999,563.055,0.8399999737739563
Audio_Tag_Speech,562.56,563.535,0.5600000023841858
Audio_Tag_Speech,563.04,564.015,0.9300000071525574
Audio_Tag_Speech,563.52,564.495,0.9599999785423279
Audio_Tag_Speech,564.0,564.975,0.9700000286102295
Audio_Tag_Speech,564.48,565.455,0.9300000071525574
Audio_Tag_Speech,564.9599999999999,566.895,1.0
Audio_Tag_Speech,566.4,567.375,0.9900000095367432
Audio_Tag_Speech,566.88,567.855,0.9800000190734863
Audio_Tag_Speech,567.36,568.335,1.0
Audio_Tag_Speech,567.84,568.815,0.9900000095367432
Audio_Tag_Speech,568.3199999999999,569.295,0.9599999785423279
Audio_Tag_Speech,568.8,569.775,0.9900000095367432
Audio_Tag_Speech,569.28,570.255,1.0
Audio_Tag_Speech,569.76,570.735,0.9900000095367432
Audio_Tag_Speech,570.24,571.215,1.0
Audio_Tag_Speech,570.72,572.655,0.9900000095367432
Audio_Tag_Speech,572.16,573.135,0.9399999976158142
Audio_Tag_Speech,572.64,574.095,0.9900000095367432
Audio_Tag_Speech,573.6,574.575,0.9800000190734863
Audio_Tag_Speech,574.0799999999999,575.055,0.9599999785423279
Audio_Tag_Speech,574.56,575.535,0.949999988079071
Audio_Tag_Speech,575.04,576.015,0.9599999785423279
Audio_Tag_Speech,575.52,576.495,0.9300000071525574
Audio_Tag_Speech,576.0,577.455,0.9900000095367432
Audio_Tag_Speech,576.9599999999999,578.415,0.9800000190734863
Audio_Tag_Speech,577.92,579.855,0.9900000095367432
Audio_Tag_Speech,579.36,580.335,1.0
Audio_Tag_Speech,579.84,580.815,0.9900000095367432
Audio_Tag_Speech,580.3199999999999,581.295,0.9800000190734863
Audio_Tag_Speech,580.8,581.775,0.9599999785423279
Audio_Tag_Speech,581.28,582.255,0.8399999737739563
Audio_Tag_Speech,581.76,582.735,1.0
Audio_Tag_Speech,582.24,583.215,0.9900000095367432
Audio_Tag_Speech,582.72,583.695,1.0
Audio_Tag_Speech,583.1999999999999,584.175,0.9900000095367432
Audio_Tag_Speech,583.68,585.135,1.0
Audio_Tag_Speech,584.64,585.615,0.7099999785423279
Audio_Tag_Speech,585.12,586.095,0.7699999809265137
Audio_Tag_Speech,585.6,586.575,0.5299999713897705
Audio_Tag_Speech,586.0799999999999,587.055,0.949999988079071
Audio_Tag_Speech,586.56,587.535,1.0
Audio_Tag_Speech,587.04,588.015,0.9300000071525574
Audio_Tag_Speech,587.52,588.495,0.9200000166893005
Audio_Tag_Speech,588.0,588.975,1.0
Audio_Tag_Speech,588.48,589.455,0.9599999785423279
Audio_Tag_Speech,588.9599999999999,589.935,0.9800000190734863
Audio_Tag_Speech,589.4399999999999,590.415,0.9900000095367432
Audio_Tag_Speech,589.92,591.855,1.0
Audio_Tag_Speech,591.36,592.335,0.9800000190734863
Audio_Tag_Speech,591.84,592.815,0.9599999785423279
Audio_Tag_Speech,592.3199999999999,595.695,1.0
Audio_Tag_Speech,595.1999999999999,596.175,0.9900000095367432
Audio_Tag_Speech,595.68,596.655,1.0
Audio_Tag_Speech,596.16,597.135,0.949999988079071
Audio_Tag_Speech,596.64,598.095,0.9800000190734863
Audio_Tag_Speech,597.6,598.575,1.0
Audio_Tag_Speech,598.0799999999999,599.055,0.9900000095367432
Audio_Tag_Speech,598.56,600.015,1.0
Audio_Tag_Speech,599.52,600.495,0.9900000095367432
Audio_Tag_Speech,600.0,601.455,1.0
Audio_Tag_Speech,600.9599999999999,601.935,0.9900000095367432
Audio_Tag_Speech,601.4399999999999,602.415,0.9700000286102295
Audio_Tag_Speech,601.92,602.895,0.9800000190734863
Audio_Tag_Speech,602.4,603.855,0.9900000095367432
Audio_Tag_Speech,603.36,604.815,1.0
Audio_Tag_Speech,604.3199999999999,605.295,0.9900000095367432
Audio_Tag_Speech,604.8,606.255,1.0
Audio_Tag_Speech,605.76,606.735,0.9900000095367432
Audio_Tag_Speech,606.24,607.695,1.0
Audio_Tag_Speech,607.1999999999999,608.175,0.9900000095367432
Audio_Tag_Speech,607.68,608.655,0.9800000190734863
Audio_Tag_Speech,608.16,609.615,1.0
Audio_Tag_Speech,609.12,610.575,0.9900000095367432
Audio_Tag_Speech,610.0799999999999,611.055,1.0
Audio_Tag_Speech,610.56,611.535,0.9900000095367432
Audio_Tag_Speech,611.04,612.015,1.0
Audio_Tag_Speech,611.52,612.495,0.9700000286102295
Audio_Tag_Speech,612.0,612.975,0.9800000190734863
Audio_Tag_Speech,612.48,613.455,0.9599999785423279
Audio_Tag_Speech,612.9599999999999,613.935,0.9900000095367432
Audio_Tag_Speech,613.4399999999999,614.415,0.8799999952316284
Audio_Tag_Speech,613.92,614.895,0.8999999761581421
Audio_Tag_Speech,614.4,615.375,0.8399999737739563
Audio_Tag_Speech,614.88,615.855,0.9300000071525574
Audio_Tag_Speech,615.36,616.335,0.8399999737739563
Audio_Tag_Speech,615.84,616.815,0.9700000286102295
Audio_Tag_Speech,616.3199999999999,617.295,0.9800000190734863
Audio_Tag_Speech,616.8,617.775,0.7799999713897705
Audio_Tag_Speech,617.28,618.735,0.28999999165534973
Audio_Tag_Speech,618.24,621.135,1.0
Audio_Tag_Speech,620.64,621.615,0.9900000095367432
Audio_Tag_Speech,621.12,623.535,1.0
Audio_Tag_Speech,623.04,624.015,0.9900000095367432
Audio_Tag_Speech,623.52,628.815,1.0
Audio_Tag_Speech,628.3199999999999,629.295,0.9900000095367432
Audio_Tag_Speech,628.8,632.175,1.0
Audio_Tag_Speech,631.68,632.655,0.9900000095367432
Audio_Tag_Speech,632.16,633.135,1.0
Audio_Tag_Speech,632.64,633.615,0.9900000095367432
Audio_Tag_Speech,633.12,634.095,0.9800000190734863
Audio_Tag_Speech,633.6,634.575,0.9900000095367432
Audio_Tag_Speech,634.0799999999999,636.495,1.0
Audio_Tag_Speech,636.0,636.975,0.9300000071525574
Audio_Tag_Speech,636.48,637.455,0.9900000095367432
Audio_Tag_Speech,636.9599999999999,637.935,0.9700000286102295
Audio_Tag_Speech,637.4399999999999,638.415,1.0
Audio_Tag_Speech,637.92,638.895,0.9700000286102295
Audio_Tag_Speech,638.4,640.335,0.8500000238418579
Audio_Tag_Speech,639.84,641.775,1.0
Audio_Tag_Speech,641.28,642.255,0.9800000190734863
Audio_Tag_Speech,641.76,642.735,0.9900000095367432
Audio_Tag_Speech,642.24,643.215,0.9399999976158142
Audio_Tag_Speech,642.72,643.695,0.8299999833106995
Audio_Tag_Speech,643.1999999999999,644.175,0.9900000095367432
Audio_Tag_Speech,643.68,644.655,0.9700000286102295
Audio_Tag_Speech,644.16,646.095,1.0
Audio_Tag_Speech,645.6,646.575,0.800000011920929
Audio_Tag_Speech,646.0799999999999,647.535,0.9900000095367432
Audio_Tag_Speech,647.04,648.495,0.9800000190734863
Audio_Tag_Speech,648.0,648.975,0.9900000095367432
Audio_Tag_Speech,648.48,649.455,0.9100000262260437
Audio_Tag_Speech,648.9599999999999,649.935,0.44999998807907104
Audio_Tag_Speech,649.4399999999999,650.895,0.3100000023841858
Audio_Tag_Speech,650.4,651.375,0.7799999713897705
Audio_Tag_Speech,650.88,651.855,0.9399999976158142
Audio_Tag_Speech,651.36,652.335,0.4099999964237213
Audio_Tag_Speech,651.84,652.815,0.8999999761581421
Audio_Tag_Speech,652.3199999999999,653.295,0.9100000262260437
Audio_Tag_Speech,652.8,653.775,0.8899999856948853
Audio_Tag_Speech,653.28,654.255,0.9399999976158142
Audio_Tag_Speech,653.76,654.735,0.9700000286102295
Audio_Tag_Speech,654.24,655.695,0.9900000095367432
Audio_Tag_Speech,655.1999999999999,656.175,0.9599999785423279
Audio_Tag_Speech,655.68,656.655,0.800000011920929
Audio_Tag_Speech,656.16,657.135,1.0
Audio_Tag_Speech,656.64,657.615,0.9800000190734863
Audio_Tag_Speech,657.12,658.575,0.949999988079071
Audio_Tag_Speech,658.0799999999999,659.055,0.9399999976158142
Audio_Tag_Speech,658.56,659.535,0.38999998569488525
Audio_Tag_Speech,659.04,660.015,0.8999999761581421
Audio_Tag_Speech,659.52,660.495,0.9800000190734863
Audio_Tag_Speech,660.0,660.975,0.9900000095367432
Audio_Tag_Speech,660.48,661.455,0.9399999976158142
Audio_Tag_Speech,660.9599999999999,661.935,0.9800000190734863
Audio_Tag_Speech,661.4399999999999,662.415,0.8500000238418579
Audio_Tag_Speech,661.92,662.895,0.8399999737739563
Audio_Tag_Speech,662.4,663.375,0.949999988079071
Audio_Tag_Speech,662.88,663.855,0.8299999833106995
Audio_Tag_Speech,663.36,664.335,0.8700000047683716
Audio_Tag_Speech,663.84,664.815,0.9399999976158142
Audio_Tag_Speech,664.3199999999999,665.295,0.9800000190734863
Audio_Tag_Speech,664.8,665.775,0.7799999713897705
Audio_Tag_Speech,665.28,666.255,0.9200000166893005
Audio_Tag_Speech,665.76,666.735,0.6299999952316284
Audio_Tag_Speech,666.24,667.215,0.27000001072883606
Audio_Tag_Speech,666.72,667.695,0.5400000214576721
Audio_Tag_Speech,667.1999999999999,668.175,0.9800000190734863
Audio_Tag_Speech,667.68,669.135,1.0
Audio_Tag_Speech,668.64,669.615,0.9300000071525574
Audio_Tag_Speech,669.12,671.055,1.0
Audio_Tag_Speech,670.56,671.535,0.9900000095367432
Audio_Tag_Speech,671.04,672.015,1.0
Audio_Tag_Speech,671.52,672.495,0.9900000095367432
Audio_Tag_Speech,672.0,672.975,0.23999999463558197
Audio_Tag_Speech,672.48,673.455,0.6800000071525574
Audio_Tag_Speech,672.9599999999999,673.935,0.9399999976158142
Audio_Tag_Speech,673.4399999999999,674.415,0.8799999952316284
Audio_Tag_Speech,673.92,674.895,0.9800000190734863
Audio_Tag_Speech,674.4,675.375,1.0
Audio_Tag_Speech,674.88,675.855,0.9800000190734863
Audio_Tag_Speech,675.36,676.335,0.949999988079071
Audio_Tag_Speech,675.8399999999999,676.8149999999999,1.0
Audio_Tag_Speech,676.3199999999999,677.775,0.9900000095367432
Audio_Tag_Speech,677.28,678.255,0.9300000071525574
Audio_Tag_Speech,677.76,678.735,0.9200000166893005
Audio_Tag_Speech,678.24,679.215,0.6399999856948853
Audio_Tag_Speech,678.72,680.175,0.9700000286102295
Audio_Tag_Speech,679.68,680.655,1.0
Audio_Tag_Speech,680.16,681.135,0.9900000095367432
Audio_Tag_Speech,680.64,681.615,0.8700000047683716
Audio_Tag_Speech,681.12,682.095,0.9900000095367432
Audio_Tag_Speech,681.6,682.575,0.9399999976158142
Audio_Tag_Speech,682.0799999999999,683.055,0.9200000166893005
Audio_Tag_Speech,682.56,683.535,0.7400000095367432
Audio_Tag_Speech,683.04,684.015,0.9300000071525574
Audio_Tag_Speech,683.52,684.495,0.9900000095367432
Audio_Tag_Speech,684.0,684.975,0.9700000286102295
Audio_Tag_Speech,684.48,685.455,0.9900000095367432
Audio_Tag_Speech,684.9599999999999,685.935,1.0
Audio_Tag_Speech,685.4399999999999,686.415,0.8999999761581421
Audio_Tag_Speech,685.92,687.855,0.9800000190734863
Audio_Tag_Speech,687.36,688.8149999999999,0.9900000095367432
Audio_Tag_Speech,688.3199999999999,689.295,1.0
Audio_Tag_Speech,688.8,689.775,0.9800000190734863
Audio_Tag_Speech,689.28,691.215,1.0
Audio_Tag_Speech,690.72,691.695,0.8299999833106995
Audio_Tag_Speech,691.1999999999999,692.175,0.9700000286102295
Audio_Tag_Speech,691.68,692.655,0.949999988079071
Audio_Tag_Speech,692.16,693.135,0.9800000190734863
Audio_Tag_Speech,692.64,693.615,1.0
Audio_Tag_Speech,693.12,694.095,0.9800000190734863
Audio_Tag_Speech,693.6,694.575,0.5899999737739563
Audio_Tag_Speech,694.0799999999999,695.055,0.8999999761581421
Audio_Tag_Speech,694.56,695.535,0.949999988079071
Audio_Tag_Speech,695.04,696.015,0.8899999856948853
Audio_Tag_Speech,695.52,696.495,0.44999998807907104
Audio_Tag_Speech,696.0,696.975,0.8100000023841858
Audio_Tag_Speech,696.48,697.455,1.0
Audio_Tag_Speech,696.9599999999999,698.415,0.9900000095367432
Audio_Tag_Speech,697.92,698.895,1.0
Audio_Tag_Speech,698.4,699.375,0.9300000071525574
Audio_Tag_Speech,698.88,699.855,0.9700000286102295
Audio_Tag_Speech,699.36,700.335,0.9800000190734863
Audio_Tag_Speech,699.8399999999999,700.8149999999999,1.0
Audio_Tag_Speech,700.3199999999999,701.295,0.8600000143051147
Audio_Tag_Speech,700.8,701.775,0.7799999713897705
Audio_Tag_Speech,701.28,702.255,0.949999988079071
Audio_Tag_Speech,701.76,704.655,1.0
Audio_Tag_Speech,704.16,705.135,0.9900000095367432
Audio_Tag_Speech,704.64,705.615,1.0
Audio_Tag_Speech,705.12,706.575,0.9800000190734863
Audio_Tag_Speech,706.0799999999999,707.535,1.0
Audio_Tag_Speech,707.04,708.015,0.9900000095367432
Audio_Tag_Speech,707.52,708.495,0.9700000286102295
Audio_Tag_Speech,708.0,708.975,0.949999988079071
Audio_Tag_Speech,708.48,709.455,1.0
Audio_Tag_Speech,708.9599999999999,709.935,0.9900000095367432
Audio_Tag_Speech,709.4399999999999,710.415,0.9800000190734863
Audio_Tag_Speech,709.92,710.895,0.9700000286102295
Audio_Tag_Speech,710.4,711.375,0.9200000166893005
Audio_Tag_Speech,710.88,711.855,0.8500000238418579
Audio_Tag_Speech,711.36,712.335,0.9900000095367432
Audio_Tag_Speech,711.8399999999999,712.8149999999999,0.9399999976158142
Audio_Tag_Speech,712.3199999999999,713.295,0.8799999952316284
Audio_Tag_Speech,712.8,714.255,0.9900000095367432
Audio_Tag_Speech,713.76,714.735,0.9399999976158142
Audio_Tag_Speech,714.24,715.215,0.9700000286102295
Audio_Tag_Speech,714.72,715.695,0.8299999833106995
Audio_Tag_Speech,715.1999999999999,716.175,0.9399999976158142
Audio_Tag_Speech,715.68,716.655,0.8999999761581421
Audio_Tag_Speech,716.16,717.135,0.7900000214576721
Audio_Tag_Speech,716.64,718.095,0.20999999344348907
Audio_Tag_Speech,717.6,718.575,0.25
Audio_Tag_Speech,718.0799999999999,719.055,0.9900000095367432
Audio_Tag_Speech,718.56,721.455,1.0
Audio_Tag_Speech,720.9599999999999,721.935,0.9800000190734863
Audio_Tag_Speech,721.4399999999999,724.8149999999999,1.0
Audio_Tag_Speech,724.3199999999999,725.295,0.9900000095367432
Audio_Tag_Speech,724.8,725.775,0.9800000190734863
Audio_Tag_Speech,725.28,726.255,0.9900000095367432
Audio_Tag_Speech,725.76,726.735,0.9800000190734863
Audio_Tag_Speech,726.24,727.215,0.9900000095367432
Audio_Tag_Speech,726.72,729.615,1.0
Audio_Tag_Speech,729.12,730.095,0.9900000095367432
Audio_Tag_Speech,729.6,730.575,1.0
Audio_Tag_Speech,730.0799999999999,731.055,0.9900000095367432
Audio_Tag_Speech,730.56,731.535,1.0
Audio_Tag_Speech,731.04,732.015,0.9900000095367432
Audio_Tag_Speech,731.52,732.495,1.0
Audio_Tag_Speech,732.0,732.975,0.9900000095367432
Audio_Tag_Speech,732.48,733.455,1.0
Audio_Tag_Speech,732.9599999999999,734.415,0.9800000190734863
Audio_Tag_Speech,733.92,736.335,1.0
Audio_Tag_Speech,735.8399999999999,736.8149999999999,0.9900000095367432
Audio_Tag_Speech,736.3199999999999,737.295,1.0
Audio_Tag_Speech,736.8,737.775,0.8500000238418579
Audio_Tag_Speech,737.28,738.255,1.0
Audio_Tag_Speech,737.76,738.735,0.9800000190734863
Audio_Tag_Speech,738.24,739.215,0.8700000047683716
Audio_Tag_Speech,738.72,741.135,0.9900000095367432
Audio_Tag_Speech,740.64,741.615,0.9399999976158142
Audio_Tag_Speech,741.12,742.095,0.8299999833106995
Audio_Tag_Speech,741.6,742.575,0.9900000095367432
Audio_Tag_Speech,742.0799999999999,743.535,1.0
Audio_Tag_Speech,743.04,744.495,0.9900000095367432
Audio_Tag_Speech,744.0,744.975,0.9599999785423279
Audio_Tag_Speech,744.48,745.455,0.9700000286102295
Audio_Tag_Speech,744.9599999999999,745.935,0.949999988079071
Audio_Tag_Speech,745.4399999999999,746.415,0.800000011920929
Audio_Tag_Speech,745.92,746.895,0.9200000166893005
Audio_Tag_Speech,746.4,747.375,0.8199999928474426
Audio_Tag_Speech,746.88,747.855,0.9399999976158142
Audio_Tag_Speech,747.36,748.335,0.9700000286102295
Audio_Tag_Speech,747.8399999999999,748.8149999999999,0.9800000190734863
Audio_Tag_Speech,748.3199999999999,749.775,1.0
Audio_Tag_Speech,749.28,750.255,0.9800000190734863
Audio_Tag_Speech,749.76,750.735,0.9599999785423279
Audio_Tag_Speech,750.24,751.215,0.9800000190734863
Audio_Tag_Speech,750.72,751.695,0.9399999976158142
Audio_Tag_Speech,751.1999999999999,752.175,0.8299999833106995
Audio_Tag_Speech,751.68,752.655,0.5799999833106995
Audio_Tag_Speech,752.16,753.615,0.9200000166893005
Audio_Tag_Speech,753.12,754.095,0.9800000190734863
Audio_Tag_Speech,753.6,754.575,0.9599999785423279
Audio_Tag_Speech,754.0799999999999,755.055,0.9900000095367432
Audio_Tag_Speech,754.56,755.535,0.9599999785423279
Audio_Tag_Speech,755.04,756.015,0.9900000095367432
Audio_Tag_Speech,755.52,756.495,1.0
Audio_Tag_Speech,756.0,756.975,0.7300000190734863
Audio_Tag_Speech,756.48,757.455,0.8100000023841858
Audio_Tag_Speech,756.9599999999999,757.935,0.9700000286102295
Audio_Tag_Speech,757.4399999999999,758.415,0.9900000095367432
Audio_Tag_Speech,757.92,758.895,0.949999988079071
Audio_Tag_Speech,758.4,759.375,0.9100000262260437
Audio_Tag_Speech,758.88,759.855,0.9800000190734863
Audio_Tag_Speech,759.36,760.8149999999999,0.9900000095367432
Audio_Tag_Speech,760.3199999999999,761.295,0.9800000190734863
Audio_Tag_Speech,760.8,761.775,0.9900000095367432
Audio_Tag_Speech,761.28,762.255,0.7799999713897705
Audio_Tag_Speech,761.76,763.215,0.9900000095367432
Audio_Tag_Speech,762.72,763.695,0.20999999344348907
Audio_Tag_Speech,763.1999999999999,764.175,0.6800000071525574
Audio_Tag_Speech,763.68,764.655,0.8999999761581421
Audio_Tag_Speech,764.16,765.135,0.9700000286102295
Audio_Tag_Speech,764.64,765.615,1.0
Audio_Tag_Speech,765.12,766.095,0.9700000286102295
Audio_Tag_Speech,765.6,766.575,0.9399999976158142
Audio_Tag_Speech,766.0799999999999,767.055,0.8999999761581421
Audio_Tag_Speech,766.56,767.535,0.9599999785423279
Audio_Tag_Speech,767.04,768.015,0.9900000095367432
Audio_Tag_Speech,767.52,768.495,0.9399999976158142
Audio_Tag_Speech,768.0,768.975,0.8999999761581421
Audio_Tag_Speech,768.48,769.455,0.9700000286102295
Audio_Tag_Speech,768.9599999999999,769.935,0.9900000095367432
Audio_Tag_Speech,769.4399999999999,770.415,0.8199999928474426
Audio_Tag_Speech,769.92,770.895,0.8799999952316284
Audio_Tag_Speech,770.4,771.375,0.9399999976158142
Audio_Tag_Speech,770.88,771.855,0.9300000071525574
Audio_Tag_Speech,771.36,772.335,0.7900000214576721
Audio_Tag_Speech,771.8399999999999,772.8149999999999,0.8799999952316284
Audio_Tag_Speech,772.3199999999999,773.295,0.9399999976158142
Audio_Tag_Speech,772.8,773.775,0.8899999856948853
Audio_Tag_Speech,773.28,774.255,0.8999999761581421
Audio_Tag_Speech,773.76,774.735,0.949999988079071
Audio_Tag_Speech,774.24,775.215,0.9900000095367432
Audio_Tag_Speech,774.72,775.695,0.9800000190734863
Audio_Tag_Speech,775.1999999999999,776.175,0.9900000095367432
Audio_Tag_Speech,775.68,776.655,0.9200000166893005
Audio_Tag_Speech,776.16,777.135,0.949999988079071
Audio_Tag_Speech,776.64,778.575,0.9900000095367432
Audio_Tag_Speech,778.0799999999999,779.055,0.9800000190734863
Audio_Tag_Speech,778.56,779.535,0.9900000095367432
Audio_Tag_Speech,779.04,780.015,0.9800000190734863
Audio_Tag_Speech,779.52,780.975,0.9900000095367432
Audio_Tag_Speech,780.48,781.455,1.0
Audio_Tag_Speech,780.9599999999999,781.935,0.9900000095367432
Audio_Tag_Speech,781.4399999999999,782.415,0.9800000190734863
Audio_Tag_Speech,781.92,782.895,0.8600000143051147
Audio_Tag_Speech,782.4,783.375,0.9900000095367432
Audio_Tag_Speech,782.88,783.855,1.0
Audio_Tag_Speech,783.36,784.335,0.9800000190734863
Audio_Tag_Speech,783.8399999999999,784.8149999999999,0.9900000095367432
Audio_Tag_Speech,784.3199999999999,785.295,0.9599999785423279
Audio_Tag_Speech,784.8,785.775,0.9399999976158142
Audio_Tag_Speech,785.28,786.735,1.0
Audio_Tag_Speech,786.24,787.695,0.9700000286102295
Audio_Tag_Speech,787.1999999999999,788.175,0.9300000071525574
Audio_Tag_Speech,787.68,788.655,0.949999988079071
Audio_Tag_Speech,788.16,789.135,0.9900000095367432
Audio_Tag_Speech,788.64,789.615,1.0
Audio_Tag_Speech,789.12,790.095,0.9900000095367432
Audio_Tag_Speech,789.6,790.575,0.9800000190734863
Audio_Tag_Speech,790.0799999999999,791.535,1.0
Audio_Tag_Speech,791.04,792.015,0.9700000286102295
Audio_Tag_Speech,791.52,792.495,0.9300000071525574
Audio_Tag_Speech,792.0,792.975,0.9900000095367432
Audio_Tag_Speech,792.48,793.455,0.9800000190734863
Audio_Tag_Speech,792.9599999999999,793.935,1.0
Audio_Tag_Speech,793.4399999999999,794.415,0.9700000286102295
Audio_Tag_Speech,793.92,794.895,0.9800000190734863
Audio_Tag_Speech,794.4,795.855,0.9900000095367432
Audio_Tag_Speech,795.36,796.335,0.9700000286102295
Audio_Tag_Speech,795.8399999999999,796.8149999999999,0.9900000095367432
Audio_Tag_Speech,796.3199999999999,797.295,0.9800000190734863
Audio_Tag_Speech,796.8,797.775,0.9900000095367432
Audio_Tag_Speech,797.28,798.255,0.9700000286102295
Audio_Tag_Speech,797.76,799.695,0.9900000095367432
Audio_Tag_Speech,799.1999999999999,800.175,0.949999988079071
Audio_Tag_Speech,799.68,801.135,0.9900000095367432
Audio_Tag_Speech,800.64,801.615,0.8199999928474426
Audio_Tag_Speech,801.12,802.095,0.9800000190734863
Audio_Tag_Speech,801.6,802.575,1.0
Audio_Tag_Speech,802.0799999999999,803.055,0.9900000095367432
Audio_Tag_Speech,802.56,803.535,0.75
Audio_Tag_Speech,803.04,804.015,0.6499999761581421
Audio_Tag_Speech,803.52,804.495,0.33000001311302185
Audio_Tag_Speech,804.0,804.975,0.6700000166893005
Audio_Tag_Speech,804.48,805.935,0.6499999761581421
Audio_Tag_Speech,805.4399999999999,806.415,0.8399999737739563
Audio_Tag_Speech,805.92,806.895,0.30000001192092896
Audio_Tag_Speech,806.4,807.855,0.550000011920929
Audio_Tag_Speech,807.36,808.335,0.949999988079071
Audio_Tag_Speech,807.8399999999999,808.8149999999999,0.9800000190734863
Audio_Tag_Speech,808.3199999999999,809.295,0.9900000095367432
Audio_Tag_Speech,808.8,809.775,1.0
Audio_Tag_Speech,809.28,810.255,0.9900000095367432
Audio_Tag_Speech,809.76,810.735,1.0
Audio_Tag_Speech,810.24,811.215,0.9800000190734863
Audio_Tag_Speech,810.7199999999999,811.6949999999999,0.9599999785423279
Audio_Tag_Speech,811.1999999999999,812.175,0.8999999761581421
Audio_Tag_Speech,811.68,813.135,0.9300000071525574
Audio_Tag_Speech,812.64,813.615,0.8899999856948853
Audio_Tag_Speech,813.12,814.095,0.9100000262260437
Audio_Tag_Speech,813.6,814.575,0.9900000095367432
Audio_Tag_Speech,814.0799999999999,815.055,0.9599999785423279
Audio_Tag_Speech,814.56,815.535,0.9399999976158142
Audio_Tag_Speech,815.04,816.015,0.8899999856948853
Audio_Tag_Speech,815.52,816.495,0.7799999713897705
Audio_Tag_Speech,816.0,816.975,0.8899999856948853
Audio_Tag_Speech,816.48,817.455,0.8600000143051147
Audio_Tag_Speech,816.9599999999999,817.935,0.9900000095367432
Audio_Tag_Speech,817.4399999999999,818.415,1.0
Audio_Tag_Speech,817.92,819.375,0.9800000190734863
Audio_Tag_Speech,818.88,819.855,0.9700000286102295
Audio_Tag_Speech,819.36,820.335,0.9599999785423279
Audio_Tag_Speech,819.8399999999999,820.8149999999999,0.8399999737739563
Audio_Tag_Speech,820.3199999999999,821.295,0.9300000071525574
Audio_Tag_Speech,820.8,821.775,0.9800000190734863
Audio_Tag_Speech,821.28,822.255,0.8999999761581421
Audio_Tag_Speech,821.76,823.215,0.8899999856948853
Audio_Tag_Speech,822.7199999999999,823.6949999999999,0.949999988079071
Audio_Tag_Speech,823.1999999999999,824.175,0.9599999785423279
Audio_Tag_Speech,823.68,824.655,0.9700000286102295
Audio_Tag_Speech,824.16,825.135,0.7799999713897705
Audio_Tag_Speech,824.64,825.615,0.949999988079071
Audio_Tag_Speech,825.12,826.095,0.9700000286102295
Audio_Tag_Speech,825.6,826.575,0.9800000190734863
Audio_Tag_Speech,826.0799999999999,827.055,0.9700000286102295
Audio_Tag_Speech,826.56,828.015,0.9900000095367432
Audio_Tag_Speech,827.52,828.495,0.9300000071525574
Audio_Tag_Speech,828.0,828.975,0.949999988079071
Audio_Tag_Speech,828.48,829.455,0.9300000071525574
Audio_Tag_Speech,828.9599999999999,829.935,0.8399999737739563
Audio_Tag_Speech,829.4399999999999,832.8149999999999,0.6399999856948853
Audio_Tag_Speech,832.3199999999999,833.295,0.9700000286102295
Audio_Tag_Speech,832.8,833.775,0.8600000143051147
Audio_Tag_Speech,833.28,834.255,0.8999999761581421
Audio_Tag_Speech,833.76,834.735,0.9800000190734863
Audio_Tag_Speech,834.24,835.215,0.9900000095367432
Audio_Tag_Speech,834.7199999999999,835.6949999999999,1.0
Audio_Tag_Speech,835.1999999999999,836.175,0.9900000095367432
Audio_Tag_Speech,835.68,836.655,0.9300000071525574
Audio_Tag_Speech,836.16,837.135,0.9200000166893005
Audio_Tag_Speech,836.64,838.095,0.9800000190734863
Audio_Tag_Speech,837.6,838.575,0.9200000166893005
Audio_Tag_Speech,838.0799999999999,839.055,0.9800000190734863
Audio_Tag_Speech,838.56,839.535,0.9900000095367432
Audio_Tag_Speech,839.04,840.015,0.9399999976158142
Audio_Tag_Speech,839.52,840.495,1.0
Audio_Tag_Speech,840.0,840.975,0.9599999785423279
Audio_Tag_Speech,840.48,841.455,0.8100000023841858
Audio_Tag_Speech,840.9599999999999,841.935,0.9599999785423279
Audio_Tag_Speech,841.4399999999999,842.415,0.9399999976158142
Audio_Tag_Speech,841.92,842.895,0.7799999713897705
Audio_Tag_Speech,842.4,843.375,0.949999988079071
Audio_Tag_Speech,842.88,843.855,0.9800000190734863
Audio_Tag_Speech,843.36,844.335,0.699999988079071
Audio_Tag_Speech,843.8399999999999,844.8149999999999,0.9399999976158142
Audio_Tag_Speech,844.3199999999999,845.775,0.9300000071525574
Audio_Tag_Speech,845.28,846.255,0.9900000095367432
Audio_Tag_Speech,845.76,846.735,0.9399999976158142
Audio_Tag_Speech,846.24,847.215,0.9800000190734863
Audio_Tag_Speech,846.7199999999999,847.6949999999999,0.9300000071525574
Audio_Tag_Speech,847.1999999999999,848.175,0.8700000047683716
Audio_Tag_Speech,847.68,848.655,0.9900000095367432
Audio_Tag_Speech,848.16,849.135,1.0
Audio_Tag_Speech,848.64,849.615,0.9800000190734863
Audio_Tag_Speech,849.12,850.095,0.9900000095367432
Audio_Tag_Speech,849.6,850.575,0.9800000190734863
Audio_Tag_Speech,850.0799999999999,851.055,0.9900000095367432
Audio_Tag_Speech,850.56,851.535,0.9100000262260437
Audio_Tag_Speech,851.04,852.015,0.9900000095367432
Audio_Tag_Speech,851.52,852.975,0.9800000190734863
Audio_Tag_Speech,852.48,853.455,0.9599999785423279
Audio_Tag_Speech,852.9599999999999,853.935,0.9700000286102295
Audio_Tag_Speech,853.4399999999999,854.415,0.9599999785423279
Audio_Tag_Speech,853.92,854.895,0.9300000071525574
Audio_Tag_Speech,854.4,855.375,0.9900000095367432
Audio_Tag_Speech,854.88,855.855,0.9200000166893005
Audio_Tag_Speech,855.36,856.335,0.949999988079071
Audio_Tag_Speech,855.8399999999999,856.8149999999999,0.8199999928474426
Audio_Tag_Speech,856.3199999999999,858.255,0.9200000166893005
Audio_Tag_Speech,857.76,858.735,0.9900000095367432
Audio_Tag_Speech,858.24,859.215,0.9599999785423279
Audio_Tag_Speech,858.7199999999999,859.6949999999999,0.9900000095367432
Audio_Tag_Speech,859.1999999999999,860.175,0.949999988079071
Audio_Tag_Speech,859.68,860.655,0.9800000190734863
Audio_Tag_Speech,860.16,861.135,0.949999988079071
Audio_Tag_Speech,860.64,861.615,0.8100000023841858
Audio_Tag_Speech,861.12,862.095,0.8899999856948853
Audio_Tag_Speech,861.6,862.575,0.9599999785423279
Audio_Tag_Speech,862.0799999999999,863.055,0.9399999976158142
Audio_Tag_Speech,862.56,863.535,0.9599999785423279
Audio_Tag_Speech,863.04,864.015,0.8600000143051147
Audio_Tag_Speech,863.52,864.495,0.9800000190734863
Audio_Tag_Speech,864.0,864.975,0.8600000143051147
Audio_Tag_Speech,864.48,865.455,0.9599999785423279
Audio_Tag_Speech,864.9599999999999,865.935,0.9700000286102295
Audio_Tag_Speech,865.4399999999999,866.415,0.8999999761581421
Audio_Tag_Speech,865.92,866.895,1.0
Audio_Tag_Speech,866.4,867.375,0.9700000286102295
Audio_Tag_Speech,866.88,867.855,0.9800000190734863
Audio_Tag_Speech,867.36,869.295,0.9900000095367432
Audio_Tag_Speech,869.76,871.6949999999999,1.0
Audio_Tag_Speech,871.1999999999999,872.175,0.9800000190734863
Audio_Tag_Speech,871.68,872.655,0.9900000095367432
Audio_Tag_Speech,872.16,873.135,0.9800000190734863
Audio_Tag_Speech,872.64,875.535,1.0
Audio_Tag_Speech,875.04,876.015,0.9900000095367432
Audio_Tag_Speech,875.52,878.895,1.0
Audio_Tag_Speech,878.4,879.375,0.75
Audio_Tag_Speech,878.88,879.855,0.9900000095367432
Audio_Tag_Speech,879.36,881.295,1.0
Audio_Tag_Speech,880.8,881.775,0.9900000095367432
Audio_Tag_Speech,881.28,884.175,1.0
Audio_Tag_Speech,883.68,884.655,0.9800000190734863
Audio_Tag_Speech,884.16,885.135,0.9900000095367432
Audio_Tag_Speech,884.64,885.615,1.0
Audio_Tag_Speech,885.12,886.095,0.9900000095367432
Audio_Tag_Speech,885.6,887.055,0.9800000190734863
Audio_Tag_Speech,886.56,890.415,1.0
Audio_Tag_Speech,889.92,890.895,0.9900000095367432
Audio_Tag_Speech,890.4,891.375,1.0
Audio_Tag_Speech,890.88,891.855,0.9200000166893005
Audio_Tag_Speech,891.36,892.335,0.5600000023841858
Audio_Tag_Shout,805.92,807.375,0.20000000298023224
Audio_Tag_Bellow,805.92,807.375,0.27000001072883606
Audio_Tag_Whoop,805.92,807.375,0.25999999046325684
Audio_Tag_Screaming,804.9599999999999,806.895,0.3199999928474426
Audio_Tag_Breathing,231.84,233.295,0.41999998688697815
Audio_Tag_Snoring,231.84,233.295,0.25999999046325684
Audio_Tag_Snort,231.84,233.295,0.25
Audio_Tag_Crowd,804.48,805.455,0.20000000298023224
Audio_Tag_Music,2.88,5.295,0.8299999833106995
Audio_Tag_Music,4.8,5.7749999999999995,0.949999988079071
Audio_Tag_Music,5.279999999999999,6.254999999999999,0.9399999976158142
Audio_Tag_Music,5.76,6.734999999999999,0.9599999785423279
Audio_Tag_Music,6.24,7.215,0.949999988079071
Audio_Tag_Music,6.72,8.174999999999999,0.8899999856948853
Audio_Tag_Music,7.68,8.655,0.9900000095367432
Audio_Tag_Music,8.16,9.135,0.9599999785423279
Audio_Tag_Music,8.64,9.615,0.7300000190734863
Audio_Tag_Music,9.12,10.094999999999999,0.8100000023841858
Audio_Tag_Music,9.6,10.575,0.8700000047683716
Audio_Tag_Music,10.08,11.055,0.8799999952316284
Audio_Tag_Music,10.559999999999999,11.534999999999998,0.8700000047683716
Audio_Tag_Music,11.04,12.014999999999999,0.8299999833106995
Audio_Tag_Music,11.52,12.495,0.800000011920929
Audio_Tag_Music,12.0,12.975,0.9900000095367432
Audio_Tag_Music,12.48,13.455,1.0
Audio_Tag_Music,12.959999999999999,13.934999999999999,0.9900000095367432
Audio_Tag_Music,13.44,14.415,0.9599999785423279
Audio_Tag_Music,13.92,15.374999999999998,0.9900000095367432
Audio_Tag_Music,14.879999999999999,15.854999999999999,0.9800000190734863
Audio_Tag_Music,15.36,16.335,0.949999988079071
Audio_Tag_Music,15.84,16.815,0.9900000095367432
Audio_Tag_Music,16.32,17.295,0.9800000190734863
Audio_Tag_Music,16.8,18.255000000000003,0.9900000095367432
Audio_Tag_Music,17.759999999999998,18.735,0.9700000286102295
Audio_Tag_Music,18.24,19.215,0.9399999976158142
Audio_Tag_Music,18.72,19.695,0.8500000238418579
Audio_Tag_Music,19.2,20.175,0.949999988079071
Audio_Tag_Music,19.68,20.655,0.8899999856948853
Audio_Tag_Music,20.16,21.135,0.8600000143051147
Audio_Tag_Music,20.64,21.615000000000002,0.9300000071525574
Audio_Tag_Music,21.119999999999997,22.095,0.9399999976158142
Audio_Tag_Music,21.599999999999998,22.575,0.949999988079071
Audio_Tag_Music,22.08,23.055,0.6899999976158142
Audio_Tag_Music,666.24,667.695,0.25
Audio_Tag_Music,672.0,672.975,0.550000011920929
Audio_Tag_Music,698.4,699.855,0.3199999928474426
Audio_Tag_Music,700.3199999999999,701.775,0.27000001072883606
Audio_Tag_Music,749.76,752.655,0.20000000298023224
Audio_Tag_Music,762.72,764.655,0.20000000298023224
Audio_Tag_Music,769.4399999999999,771.375,0.9200000166893005
Audio_Tag_Music,770.88,771.855,0.3400000035762787
Audio_Tag_Music,829.4399999999999,832.335,0.25999999046325684
Audio_Tag_Music,840.48,841.935,0.46000000834465027
Audio_Tag_Music,843.36,846.255,0.3100000023841858
Audio_Tag_Music,891.36,892.8149999999999,0.6000000238418579
Audio_Tag_Music,892.3199999999999,893.295,0.9900000095367432
Audio_Tag_Music,892.8,893.775,0.9700000286102295
Audio_Tag_Background music,12.0,13.455,0.25
Audio_Tag_Theme music,12.0,13.455,0.30000001192092896
Audio_Tag_Mechanisms,232.32,233.77499999999998,0.20999999344348907
Audio_Tag_Explosion,444.47999999999996,445.935,0.5199999809265137
Audio_Tag_Gunshot| gunfire,444.47999999999996,445.935,0.23000000417232513
Audio_Tag_Burst| pop,444.47999999999996,445.935,0.36000001430511475
Audio_Tag_Arrow,444.47999999999996,445.935,0.25999999046325684
Audio_Tag_Whoosh| swoosh| swish,444.47999999999996,445.935,0.25
Audio_Tag_Basketball bounce,585.12,586.095,0.20999999344348907
Audio_Tag_Basketball bounce,585.6,586.575,0.6700000166893005
Audio_Tag_Silence,2.4,3.375,1.0
Audio_Tag_Silence,2.88,3.855,0.44999998807907104
Audio_Tag_Silence,3.36,4.335,0.5199999809265137
Audio_Tag_Silence,3.84,4.8149999999999995,0.25999999046325684
Audio_Tag_Silence,52.32,53.775,1.0
Audio_Tag_Silence,129.6,130.575,1.0
Audio_Tag_Silence,130.07999999999998,131.05499999999998,0.6899999976158142
Audio_Tag_Silence,266.4,267.375,0.9900000095367432
Audio_Tag_Silence,266.88,267.855,1.0
Audio_Tag_Silence,267.36,268.33500000000004,0.7200000286102295
Audio_Tag_Silence,267.84,268.815,0.5600000023841858
Audio_Tag_Silence,301.44,302.415,0.3400000035762787
Audio_Tag_Silence,301.92,302.89500000000004,0.44999998807907104
Audio_Tag_Silence,363.84,364.815,0.25
Audio_Tag_Silence,532.3199999999999,533.295,1.0
Audio_Tag_Silence,598.56,599.535,0.7799999713897705
Audio_Tag_Silence,638.4,639.375,0.23999999463558197
Audio_Tag_Silence,738.24,739.695,0.7200000286102295
Audio_Tag_Silence,869.28,870.255,0.8999999761581421
Audio_Tag_Sound effect,444.47999999999996,445.935,0.3199999928474426
Audio_Tag_Inside| small room,230.39999999999998,233.295,0.3700000047683716
Audio_Tag_Inside| small room,232.79999999999998,233.77499999999998,0.20999999344348907
Audio_Tag_Inside| small room,342.24,344.175,0.4099999964237213
Audio_Tag_Outside| rural or natural,231.84,232.815,0.20000000298023224
