Audio_Tag_Speech,0.0,0.975,0.23000000417232513
Audio_Tag_Speech,13.92,14.895,0.8100000023841858
Audio_Tag_Speech,14.399999999999999,15.374999999999998,0.800000011920929
Audio_Tag_Speech,14.879999999999999,15.854999999999999,0.949999988079071
Audio_Tag_Speech,15.36,16.335,0.9800000190734863
Audio_Tag_Speech,15.84,16.815,1.0
Audio_Tag_Speech,16.32,17.295,0.9800000190734863
Audio_Tag_Speech,16.8,17.775000000000002,1.0
Audio_Tag_Speech,17.28,18.735,0.9900000095367432
Audio_Tag_Speech,18.24,21.615000000000002,1.0
Audio_Tag_Speech,21.119999999999997,22.095,0.9800000190734863
Audio_Tag_Speech,21.599999999999998,22.575,0.9900000095367432
Audio_Tag_Speech,22.08,29.295,1.0
Audio_Tag_Speech,28.799999999999997,29.775,0.23000000417232513
Audio_Tag_Speech,30.24,31.215,0.4699999988079071
Audio_Tag_Speech,30.72,31.695,0.27000001072883606
Audio_Tag_Speech,31.2,32.175,0.3199999928474426
Audio_Tag_Speech,31.68,32.655,0.8399999737739563
Audio_Tag_Speech,32.16,33.615,0.6200000047683716
Audio_Tag_Speech,33.12,34.095,0.33000001311302185
Audio_Tag_Speech,33.6,35.535000000000004,0.3400000035762787
Audio_Tag_Speech,35.04,36.975,0.4699999988079071
Audio_Tag_Speech,36.48,37.455,0.6700000166893005
Audio_Tag_Speech,36.96,37.935,0.8600000143051147
Audio_Tag_Speech,37.44,38.415,0.44999998807907104
Audio_Tag_Speech,37.92,40.335,0.38999998569488525
Audio_Tag_Speech,39.839999999999996,40.815,0.699999988079071
Audio_Tag_Speech,40.32,41.295,0.8600000143051147
Audio_Tag_Speech,40.8,41.775,0.6899999976158142
Audio_Tag_Speech,41.28,43.214999999999996,0.8500000238418579
Audio_Tag_Speech,42.72,43.695,0.7200000286102295
Audio_Tag_Speech,43.199999999999996,44.175,0.5199999809265137
Audio_Tag_Speech,43.68,44.655,0.7799999713897705
Audio_Tag_Speech,44.16,45.135,0.2800000011920929
Audio_Tag_Speech,44.64,45.615,0.28999999165534973
Audio_Tag_Speech,45.12,46.095,0.5899999737739563
Audio_Tag_Speech,45.6,46.575,0.2199999988079071
Audio_Tag_Speech,46.08,47.055,0.5099999904632568
Audio_Tag_Speech,46.559999999999995,48.015,0.25999999046325684
Audio_Tag_Speech,47.519999999999996,48.975,0.44999998807907104
Audio_Tag_Speech,48.48,49.455,0.8700000047683716
Audio_Tag_Speech,48.96,50.415,0.7400000095367432
Audio_Tag_Speech,49.92,50.895,0.47999998927116394
Audio_Tag_Speech,50.4,51.375,0.23000000417232513
Audio_Tag_Speech,50.879999999999995,52.335,0.5899999737739563
Audio_Tag_Speech,51.839999999999996,52.815,0.8999999761581421
Audio_Tag_Speech,52.32,53.295,0.6299999952316284
Audio_Tag_Speech,52.8,53.775,0.2800000011920929
Audio_Tag_Speech,53.28,54.255,0.8199999928474426
Audio_Tag_Speech,53.76,55.214999999999996,0.6700000166893005
Audio_Tag_Speech,54.72,55.695,0.5199999809265137
Audio_Tag_Speech,55.199999999999996,56.655,0.6200000047683716
Audio_Tag_Speech,56.16,57.135,0.7599999904632568
Audio_Tag_Speech,56.64,57.615,0.6800000071525574
Audio_Tag_Speech,57.12,58.095,0.8600000143051147
Audio_Tag_Speech,57.599999999999994,58.574999999999996,0.6200000047683716
Audio_Tag_Speech,58.08,59.055,0.6000000238418579
Audio_Tag_Speech,58.559999999999995,59.535,0.5899999737739563
Audio_Tag_Speech,59.04,60.015,0.4699999988079071
Audio_Tag_Speech,59.519999999999996,61.455,0.3400000035762787
Audio_Tag_Speech,60.96,65.29499999999999,1.0
Audio_Tag_Speech,64.8,65.77499999999999,0.9900000095367432
Audio_Tag_Speech,65.28,68.65499999999999,1.0
Audio_Tag_Speech,68.16,69.13499999999999,0.9800000190734863
Audio_Tag_Speech,68.64,69.615,0.9900000095367432
Audio_Tag_Speech,69.12,71.535,1.0
Audio_Tag_Speech,71.03999999999999,72.01499999999999,0.9900000095367432
Audio_Tag_Speech,71.52,74.41499999999999,1.0
Audio_Tag_Speech,73.92,74.895,0.9900000095367432
Audio_Tag_Speech,74.39999999999999,76.815,1.0
Audio_Tag_Speech,76.32,77.29499999999999,0.9900000095367432
Audio_Tag_Speech,76.8,77.77499999999999,0.9800000190734863
Audio_Tag_Speech,77.28,78.255,0.9300000071525574
Audio_Tag_Speech,77.75999999999999,78.73499999999999,0.9700000286102295
Audio_Tag_Speech,78.24,80.65499999999999,1.0
Audio_Tag_Speech,80.16,81.615,0.9900000095367432
Audio_Tag_Speech,82.56,83.535,0.9700000286102295
Audio_Tag_Speech,83.03999999999999,84.01499999999999,1.0
Audio_Tag_Speech,83.52,84.49499999999999,0.9900000095367432
Audio_Tag_Speech,84.0,84.975,1.0
Audio_Tag_Speech,84.47999999999999,85.45499999999998,0.9900000095367432
Audio_Tag_Speech,84.96,85.93499999999999,0.9700000286102295
Audio_Tag_Speech,85.44,86.41499999999999,1.0
Audio_Tag_Speech,85.92,86.895,0.9599999785423279
Audio_Tag_Speech,86.39999999999999,87.85499999999999,0.5699999928474426
Audio_Tag_Speech,87.36,88.335,0.9800000190734863
Audio_Tag_Speech,87.84,88.815,0.9200000166893005
Audio_Tag_Speech,88.32,89.29499999999999,0.9800000190734863
Audio_Tag_Speech,88.8,89.77499999999999,0.9900000095367432
Audio_Tag_Speech,89.28,90.255,0.8999999761581421
Audio_Tag_Speech,89.75999999999999,90.73499999999999,0.9800000190734863
Audio_Tag_Speech,90.24,92.175,1.0
Audio_Tag_Speech,91.67999999999999,92.65499999999999,0.9900000095367432
Audio_Tag_Speech,92.16,93.13499999999999,1.0
Audio_Tag_Speech,92.64,93.615,0.9900000095367432
Audio_Tag_Speech,93.11999999999999,94.09499999999998,1.0
Audio_Tag_Speech,93.6,94.57499999999999,0.9900000095367432
Audio_Tag_Speech,94.08,95.535,1.0
Audio_Tag_Speech,95.03999999999999,96.01499999999999,0.9399999976158142
Audio_Tag_Speech,95.52,96.49499999999999,0.9900000095367432
Audio_Tag_Speech,96.0,96.975,0.9800000190734863
Audio_Tag_Speech,96.47999999999999,97.45499999999998,1.0
Audio_Tag_Speech,96.96,97.93499999999999,0.949999988079071
Audio_Tag_Speech,97.44,98.41499999999999,0.9599999785423279
Audio_Tag_Speech,97.92,98.895,0.9900000095367432
Audio_Tag_Speech,98.39999999999999,99.37499999999999,0.9399999976158142
Audio_Tag_Speech,98.88,99.85499999999999,0.44999998807907104
Audio_Tag_Speech,99.36,100.335,0.9599999785423279
Audio_Tag_Speech,99.84,100.815,0.8999999761581421
Audio_Tag_Speech,100.32,101.29499999999999,0.9399999976158142
Audio_Tag_Speech,100.8,101.77499999999999,0.8799999952316284
Audio_Tag_Speech,101.28,102.255,0.9100000262260437
Audio_Tag_Speech,101.75999999999999,103.21499999999999,0.9200000166893005
Audio_Tag_Speech,102.72,103.695,0.9900000095367432
Audio_Tag_Speech,103.2,104.175,0.699999988079071
Audio_Tag_Speech,103.67999999999999,104.65499999999999,0.9900000095367432
Audio_Tag_Speech,104.16,105.615,1.0
Audio_Tag_Speech,105.11999999999999,106.09499999999998,0.9900000095367432
Audio_Tag_Speech,105.6,107.05499999999999,0.9800000190734863
Audio_Tag_Speech,106.56,107.535,0.9100000262260437
Audio_Tag_Speech,107.03999999999999,108.01499999999999,0.9200000166893005
Audio_Tag_Speech,107.52,108.975,0.9800000190734863
Audio_Tag_Speech,108.47999999999999,109.45499999999998,0.9200000166893005
Audio_Tag_Speech,108.96,109.93499999999999,0.9900000095367432
Audio_Tag_Speech,109.44,110.41499999999999,0.9800000190734863
Audio_Tag_Speech,109.92,111.37499999999999,0.9900000095367432
Audio_Tag_Speech,110.88,111.85499999999999,1.0
Audio_Tag_Speech,111.36,112.81499999999998,0.9800000190734863
Audio_Tag_Speech,112.32,113.29499999999999,1.0
Audio_Tag_Speech,112.8,113.77499999999999,0.9900000095367432
Audio_Tag_Speech,113.28,118.57499999999999,1.0
Audio_Tag_Speech,118.08,119.05499999999999,0.9900000095367432
Audio_Tag_Speech,118.56,120.49499999999999,0.9800000190734863
Audio_Tag_Speech,120.0,120.975,0.9900000095367432
Audio_Tag_Speech,120.47999999999999,121.45499999999998,0.9800000190734863
Audio_Tag_Speech,120.96,121.93499999999999,0.9700000286102295
Audio_Tag_Speech,121.44,122.41499999999999,0.9800000190734863
Audio_Tag_Speech,121.92,122.895,0.9700000286102295
Audio_Tag_Speech,122.39999999999999,123.37499999999999,0.9800000190734863
Audio_Tag_Speech,122.88,123.85499999999999,0.8899999856948853
Audio_Tag_Speech,123.36,124.81499999999998,0.9900000095367432
Audio_Tag_Speech,124.32,125.29499999999999,0.7599999904632568
Audio_Tag_Speech,124.8,125.77499999999999,0.7400000095367432
Audio_Tag_Speech,125.28,126.255,1.0
Audio_Tag_Speech,125.75999999999999,126.73499999999999,0.9900000095367432
Audio_Tag_Speech,126.24,127.21499999999999,0.9599999785423279
Audio_Tag_Speech,126.72,127.695,0.9900000095367432
Audio_Tag_Speech,127.19999999999999,128.17499999999998,0.550000011920929
Audio_Tag_Speech,127.67999999999999,128.655,0.8500000238418579
Audio_Tag_Speech,128.16,129.135,0.5899999737739563
Audio_Tag_Speech,128.64,129.61499999999998,0.8999999761581421
Audio_Tag_Speech,129.12,130.095,0.9599999785423279
Audio_Tag_Speech,129.6,130.575,0.699999988079071
Audio_Tag_Speech,130.07999999999998,131.05499999999998,0.8700000047683716
Audio_Tag_Speech,130.56,131.535,0.9300000071525574
Audio_Tag_Speech,131.04,132.015,0.9900000095367432
Audio_Tag_Speech,131.51999999999998,132.49499999999998,0.9800000190734863
Audio_Tag_Speech,132.0,132.975,0.9200000166893005
Audio_Tag_Speech,132.48,133.45499999999998,0.9599999785423279
Audio_Tag_Speech,132.96,133.935,0.7400000095367432
Audio_Tag_Speech,133.44,134.415,0.9900000095367432
Audio_Tag_Speech,133.92,135.375,1.0
Audio_Tag_Speech,134.88,135.855,0.9700000286102295
Audio_Tag_Speech,135.35999999999999,136.33499999999998,0.9800000190734863
Audio_Tag_Speech,135.84,137.295,1.0
Audio_Tag_Speech,136.79999999999998,137.77499999999998,0.9599999785423279
Audio_Tag_Speech,137.28,138.255,0.8299999833106995
Audio_Tag_Speech,137.76,138.73499999999999,0.9800000190734863
Audio_Tag_Speech,138.24,139.215,0.9900000095367432
Audio_Tag_Speech,138.72,139.695,0.9800000190734863
Audio_Tag_Speech,139.2,140.17499999999998,0.9900000095367432
Audio_Tag_Speech,139.68,140.655,0.9800000190734863
Audio_Tag_Speech,140.16,142.095,0.9900000095367432
Audio_Tag_Speech,141.6,142.575,0.8899999856948853
Audio_Tag_Speech,142.07999999999998,143.05499999999998,0.75
Audio_Tag_Speech,142.56,143.535,0.9100000262260437
Audio_Tag_Speech,143.04,144.015,0.9900000095367432
Audio_Tag_Speech,143.51999999999998,144.49499999999998,0.9700000286102295
Audio_Tag_Speech,144.0,144.975,0.9900000095367432
Audio_Tag_Speech,144.48,150.255,1.0
Audio_Tag_Speech,149.76,151.695,0.9900000095367432
Audio_Tag_Speech,151.2,152.17499999999998,1.0
Audio_Tag_Speech,151.68,152.655,0.9800000190734863
Audio_Tag_Speech,152.16,153.135,1.0
Audio_Tag_Speech,152.64,153.61499999999998,0.8799999952316284
Audio_Tag_Speech,153.12,156.015,0.6700000166893005
Audio_Tag_Speech,155.51999999999998,156.49499999999998,0.9900000095367432
Audio_Tag_Speech,156.0,157.935,1.0
Audio_Tag_Speech,157.44,158.415,0.9900000095367432
Audio_Tag_Speech,157.92,159.375,1.0
Audio_Tag_Speech,158.88,159.855,0.9900000095367432
Audio_Tag_Speech,159.35999999999999,160.33499999999998,0.9599999785423279
Audio_Tag_Speech,159.84,161.295,1.0
Audio_Tag_Speech,160.79999999999998,161.77499999999998,0.9900000095367432
Audio_Tag_Speech,161.28,162.255,1.0
Audio_Tag_Speech,161.76,162.73499999999999,0.9599999785423279
Audio_Tag_Speech,162.23999999999998,163.21499999999997,1.0
Audio_Tag_Speech,162.72,163.695,0.9900000095367432
Audio_Tag_Speech,163.2,164.17499999999998,1.0
Audio_Tag_Speech,163.68,164.655,0.9800000190734863
Audio_Tag_Speech,164.16,166.095,0.9900000095367432
Audio_Tag_Speech,165.6,166.575,0.9599999785423279
Audio_Tag_Speech,166.07999999999998,167.05499999999998,0.8600000143051147
Audio_Tag_Speech,166.56,167.535,0.9700000286102295
Audio_Tag_Speech,167.04,168.015,0.7300000190734863
Audio_Tag_Speech,167.51999999999998,168.49499999999998,0.9599999785423279
Audio_Tag_Speech,168.0,171.375,1.0
Audio_Tag_Speech,170.88,172.33499999999998,0.9900000095367432
Audio_Tag_Speech,171.84,177.135,1.0
Audio_Tag_Speech,176.64,177.61499999999998,0.9900000095367432
Audio_Tag_Speech,177.12,178.095,1.0
Audio_Tag_Speech,177.6,178.575,0.9800000190734863
Audio_Tag_Speech,178.07999999999998,180.015,1.0
Audio_Tag_Speech,179.51999999999998,180.49499999999998,0.9900000095367432
Audio_Tag_Speech,180.0,180.975,0.9599999785423279
Audio_Tag_Speech,180.48,181.45499999999998,1.0
Audio_Tag_Speech,180.95999999999998,183.375,0.9900000095367432
Audio_Tag_Speech,182.88,183.855,0.7699999809265137
Audio_Tag_Speech,183.35999999999999,184.33499999999998,0.6899999976158142
Audio_Tag_Speech,183.84,184.815,0.75
Audio_Tag_Speech,184.32,185.295,0.9900000095367432
Audio_Tag_Speech,184.79999999999998,185.77499999999998,0.949999988079071
Audio_Tag_Speech,185.28,186.255,0.9599999785423279
Audio_Tag_Speech,185.76,186.73499999999999,0.9200000166893005
Audio_Tag_Speech,186.23999999999998,187.21499999999997,0.9700000286102295
Audio_Tag_Speech,186.72,187.695,0.9900000095367432
Audio_Tag_Speech,187.2,188.17499999999998,1.0
Audio_Tag_Speech,187.68,188.655,0.9800000190734863
Audio_Tag_Speech,188.16,189.135,1.0
Audio_Tag_Speech,188.64,189.61499999999998,0.9800000190734863
Audio_Tag_Speech,189.12,190.095,0.9900000095367432
Audio_Tag_Speech,189.6,190.575,0.9800000190734863
Audio_Tag_Speech,190.07999999999998,191.535,1.0
Audio_Tag_Speech,191.04,192.015,0.9900000095367432
Audio_Tag_Speech,191.51999999999998,192.49499999999998,1.0
Audio_Tag_Speech,192.0,192.975,0.9800000190734863
Audio_Tag_Speech,192.48,193.45499999999998,1.0
Audio_Tag_Speech,192.95999999999998,194.415,0.9900000095367432
Audio_Tag_Speech,193.92,195.375,0.9800000190734863
Audio_Tag_Speech,194.88,195.855,0.9900000095367432
Audio_Tag_Speech,195.35999999999999,198.73499999999999,1.0
Audio_Tag_Speech,198.23999999999998,199.21499999999997,0.9800000190734863
Audio_Tag_Speech,198.72,199.695,1.0
Audio_Tag_Speech,199.2,200.655,0.9900000095367432
Audio_Tag_Speech,200.16,202.095,1.0
Audio_Tag_Speech,201.6,202.575,0.9700000286102295
Audio_Tag_Speech,202.07999999999998,203.05499999999998,0.9800000190734863
Audio_Tag_Speech,202.56,204.49499999999998,1.0
Audio_Tag_Speech,204.0,205.93499999999997,0.9900000095367432
Audio_Tag_Speech,205.44,206.415,0.2800000011920929
Audio_Tag_Speech,205.92,207.375,1.0
Audio_Tag_Speech,206.88,207.855,0.9900000095367432
Audio_Tag_Speech,207.35999999999999,209.77499999999998,1.0
Audio_Tag_Speech,209.28,210.255,0.9800000190734863
Audio_Tag_Speech,209.76,210.73499999999999,1.0
Audio_Tag_Speech,210.23999999999998,211.21499999999997,0.9700000286102295
Audio_Tag_Speech,210.72,216.015,1.0
Audio_Tag_Speech,215.51999999999998,216.49499999999998,0.9900000095367432
Audio_Tag_Speech,216.0,218.415,1.0
Audio_Tag_Speech,217.92,218.89499999999998,0.949999988079071
Audio_Tag_Speech,218.4,219.375,1.0
Audio_Tag_Speech,218.88,219.855,0.9900000095367432
Audio_Tag_Speech,220.79999999999998,221.77499999999998,0.9900000095367432
Audio_Tag_Speech,221.28,223.21499999999997,1.0
Audio_Tag_Speech,222.72,223.695,0.9900000095367432
Audio_Tag_Speech,223.2,224.65499999999997,1.0
Audio_Tag_Speech,224.16,225.135,0.9900000095367432
Audio_Tag_Speech,224.64,226.095,1.0
Audio_Tag_Speech,225.6,227.05499999999998,0.9900000095367432
Audio_Tag_Speech,226.56,228.975,1.0
Audio_Tag_Speech,228.48,229.45499999999998,0.8299999833106995
Audio_Tag_Speech,228.95999999999998,229.93499999999997,1.0
Audio_Tag_Speech,229.44,230.415,0.9800000190734863
Audio_Tag_Speech,229.92,232.815,1.0
Audio_Tag_Speech,232.32,233.295,0.9900000095367432
Audio_Tag_Speech,232.79999999999998,233.77499999999998,0.8799999952316284
Audio_Tag_Speech,233.28,235.695,1.0
Audio_Tag_Speech,235.2,236.17499999999998,0.9900000095367432
Audio_Tag_Speech,235.67999999999998,237.135,1.0
Audio_Tag_Speech,236.64,237.61499999999998,0.9900000095367432
Audio_Tag_Speech,237.12,241.45499999999998,1.0
Audio_Tag_Speech,240.95999999999998,241.93499999999997,0.9900000095367432
Audio_Tag_Speech,241.44,242.415,0.9800000190734863
Audio_Tag_Speech,241.92,242.89499999999998,0.9900000095367432
Audio_Tag_Speech,242.39999999999998,243.37499999999997,1.0
Audio_Tag_Speech,242.88,243.855,0.9900000095367432
Audio_Tag_Speech,243.35999999999999,244.33499999999998,0.7200000286102295
Audio_Tag_Speech,243.84,247.695,1.0
Audio_Tag_Speech,247.2,248.17499999999998,0.9900000095367432
Audio_Tag_Speech,247.67999999999998,249.135,1.0
Audio_Tag_Speech,248.64,249.61499999999998,0.949999988079071
Audio_Tag_Speech,249.12,250.095,1.0
Audio_Tag_Speech,249.6,250.575,0.9900000095367432
Audio_Tag_Speech,250.07999999999998,251.05499999999998,1.0
Audio_Tag_Speech,250.56,251.535,0.8299999833106995
Audio_Tag_Speech,251.04,252.975,0.9599999785423279
Audio_Tag_Speech,252.48,253.45499999999998,0.949999988079071
Audio_Tag_Speech,252.95999999999998,253.93499999999997,0.8700000047683716
Audio_Tag_Speech,253.44,254.415,0.9900000095367432
Audio_Tag_Speech,253.92,255.37499999999997,1.0
Audio_Tag_Speech,254.88,256.815,0.9800000190734863
Audio_Tag_Speech,256.32,257.295,0.5400000214576721
Audio_Tag_Speech,256.8,257.77500000000003,0.38999998569488525
Audio_Tag_Speech,257.28,258.255,0.5600000023841858
Audio_Tag_Speech,257.76,258.735,0.9100000262260437
Audio_Tag_Speech,258.24,259.21500000000003,0.9700000286102295
Audio_Tag_Speech,258.71999999999997,259.695,1.0
Audio_Tag_Speech,259.2,260.175,0.9800000190734863
Audio_Tag_Speech,259.68,260.65500000000003,0.9300000071525574
Audio_Tag_Speech,260.15999999999997,261.135,0.9900000095367432
Audio_Tag_Speech,260.64,263.535,1.0
Audio_Tag_Speech,263.03999999999996,264.015,0.9100000262260437
Audio_Tag_Speech,263.52,264.495,0.8799999952316284
Audio_Tag_Speech,264.0,264.975,1.0
Audio_Tag_Speech,264.48,265.45500000000004,0.9900000095367432
Audio_Tag_Speech,264.96,269.295,1.0
Audio_Tag_Speech,268.8,269.77500000000003,0.9900000095367432
Audio_Tag_Speech,269.28,270.255,0.9200000166893005
Audio_Tag_Speech,269.76,270.735,0.8399999737739563
Audio_Tag_Speech,270.24,271.21500000000003,0.9599999785423279
Audio_Tag_Speech,270.71999999999997,271.695,0.949999988079071
Audio_Tag_Speech,271.2,272.175,0.9800000190734863
Audio_Tag_Speech,271.68,273.135,0.9900000095367432
Audio_Tag_Speech,272.64,273.615,0.9599999785423279
Audio_Tag_Speech,273.12,274.095,0.8700000047683716
Audio_Tag_Speech,273.59999999999997,275.535,0.9700000286102295
Audio_Tag_Speech,275.03999999999996,276.015,0.949999988079071
Audio_Tag_Speech,275.52,276.495,0.9100000262260437
Audio_Tag_Speech,276.0,276.975,0.9800000190734863
Audio_Tag_Speech,276.48,277.935,0.949999988079071
Audio_Tag_Speech,277.44,278.415,0.6499999761581421
Audio_Tag_Speech,277.92,279.375,0.7900000214576721
Audio_Tag_Speech,278.88,279.855,0.9900000095367432
Audio_Tag_Speech,279.36,280.33500000000004,1.0
Audio_Tag_Speech,279.84,280.815,0.9399999976158142
Audio_Tag_Speech,280.32,281.295,0.9700000286102295
Audio_Tag_Speech,280.8,281.77500000000003,0.9800000190734863
Audio_Tag_Speech,281.28,282.255,0.9700000286102295
Audio_Tag_Speech,281.76,282.735,0.7599999904632568
Audio_Tag_Speech,282.24,283.695,1.0
Audio_Tag_Speech,283.2,284.175,0.9800000190734863
Audio_Tag_Speech,283.68,284.65500000000003,0.949999988079071
Audio_Tag_Speech,284.15999999999997,285.135,0.9900000095367432
Audio_Tag_Speech,284.64,285.615,0.9800000190734863
Audio_Tag_Speech,285.12,286.095,0.9900000095367432
Audio_Tag_Speech,285.59999999999997,286.575,0.9300000071525574
Audio_Tag_Speech,286.08,287.055,0.8399999737739563
Audio_Tag_Speech,286.56,287.535,0.9700000286102295
Audio_Tag_Speech,287.03999999999996,288.495,0.9399999976158142
Audio_Tag_Speech,288.0,288.975,0.9800000190734863
Audio_Tag_Speech,288.47999999999996,289.455,0.949999988079071
Audio_Tag_Speech,288.96,289.935,0.9900000095367432
Audio_Tag_Speech,289.44,290.415,0.9800000190734863
Audio_Tag_Speech,289.92,290.89500000000004,0.9399999976158142
Audio_Tag_Speech,290.4,291.375,0.9100000262260437
Audio_Tag_Speech,290.88,291.855,0.9800000190734863
Audio_Tag_Speech,291.36,292.33500000000004,0.9700000286102295
Audio_Tag_Speech,291.84,292.815,0.9900000095367432
Audio_Tag_Speech,292.32,293.295,0.9599999785423279
Audio_Tag_Speech,292.8,293.77500000000003,0.9800000190734863
Audio_Tag_Speech,293.28,294.735,0.9900000095367432
Audio_Tag_Speech,294.24,295.21500000000003,1.0
Audio_Tag_Speech,294.71999999999997,295.695,0.9800000190734863
Audio_Tag_Speech,295.2,296.175,0.9900000095367432
Audio_Tag_Speech,295.68,297.615,1.0
Audio_Tag_Speech,297.12,298.095,0.9900000095367432
Audio_Tag_Speech,297.59999999999997,300.495,1.0
Audio_Tag_Speech,300.0,300.975,0.9900000095367432
Audio_Tag_Speech,300.47999999999996,301.455,0.44999998807907104
Audio_Tag_Speech,303.36,304.33500000000004,0.9399999976158142
Audio_Tag_Speech,303.84,304.815,0.9300000071525574
Audio_Tag_Speech,304.32,305.295,0.9700000286102295
Audio_Tag_Speech,304.8,305.77500000000003,0.9900000095367432
Audio_Tag_Speech,305.28,306.255,1.0
Audio_Tag_Speech,305.76,306.735,0.9900000095367432
Audio_Tag_Speech,306.24,308.65500000000003,1.0
Audio_Tag_Speech,308.15999999999997,309.135,0.9900000095367432
Audio_Tag_Speech,308.64,309.615,0.9599999785423279
Audio_Tag_Speech,309.12,310.095,0.9900000095367432
Audio_Tag_Speech,309.59999999999997,312.015,1.0
Audio_Tag_Speech,311.52,312.495,0.9900000095367432
Audio_Tag_Speech,312.0,314.415,0.9900000095367432
Audio_Tag_Speech,313.92,314.89500000000004,1.0
Audio_Tag_Speech,314.4,315.375,0.9700000286102295
Audio_Tag_Speech,314.88,315.855,1.0
Audio_Tag_Speech,315.36,316.33500000000004,0.9900000095367432
Audio_Tag_Speech,315.84,316.815,0.9599999785423279
Audio_Tag_Speech,316.32,317.295,0.9800000190734863
Audio_Tag_Speech,316.8,317.77500000000003,0.9100000262260437
Audio_Tag_Speech,317.28,319.695,0.9900000095367432
Audio_Tag_Speech,319.2,321.135,1.0
Audio_Tag_Speech,320.64,321.615,0.9900000095367432
Audio_Tag_Speech,321.12,322.575,0.27000001072883606
Audio_Tag_Speech,322.08,323.535,1.0
Audio_Tag_Speech,323.03999999999996,324.015,0.9800000190734863
Audio_Tag_Speech,323.52,324.975,1.0
Audio_Tag_Speech,324.47999999999996,325.455,0.8199999928474426
Audio_Tag_Speech,324.96,325.935,0.4000000059604645
Audio_Tag_Speech,325.44,326.415,0.23999999463558197
Audio_Tag_Speech,325.92,327.375,0.46000000834465027
Audio_Tag_Speech,326.88,327.855,0.3199999928474426
Audio_Tag_Speech,327.36,328.33500000000004,0.9900000095367432
Audio_Tag_Speech,327.84,328.815,0.9800000190734863
Audio_Tag_Speech,328.32,329.77500000000003,0.9900000095367432
Audio_Tag_Speech,329.28,330.255,1.0
Audio_Tag_Speech,329.76,331.21500000000003,0.9900000095367432
Audio_Tag_Speech,330.71999999999997,331.695,0.9100000262260437
Audio_Tag_Speech,331.2,332.175,0.949999988079071
Audio_Tag_Speech,331.68,332.65500000000003,0.9700000286102295
Audio_Tag_Speech,332.15999999999997,333.615,0.9900000095367432
Audio_Tag_Speech,333.12,334.095,0.6100000143051147
Audio_Tag_Speech,333.59999999999997,334.575,1.0
Audio_Tag_Speech,334.08,335.055,0.9900000095367432
Audio_Tag_Speech,334.56,335.535,0.949999988079071
Audio_Tag_Speech,335.03999999999996,336.975,0.5199999809265137
Audio_Tag_Speech,336.47999999999996,337.455,0.5
Audio_Tag_Speech,336.96,337.935,0.949999988079071
Audio_Tag_Speech,337.44,338.895,0.9399999976158142
Audio_Tag_Speech,338.4,341.295,0.9900000095367432
Audio_Tag_Speech,340.8,341.77500000000003,1.0
Audio_Tag_Speech,341.28,342.255,0.9800000190734863
Audio_Tag_Speech,341.76,342.735,0.9900000095367432
Audio_Tag_Speech,342.24,343.21500000000003,0.9800000190734863
Audio_Tag_Speech,342.71999999999997,343.695,0.9700000286102295
Audio_Tag_Speech,343.2,344.175,0.949999988079071
Audio_Tag_Speech,343.68,344.65500000000003,0.9200000166893005
Audio_Tag_Speech,344.15999999999997,345.135,0.9700000286102295
Audio_Tag_Speech,344.64,345.615,0.9399999976158142
Audio_Tag_Speech,345.12,346.095,0.9700000286102295
Audio_Tag_Speech,345.59999999999997,346.575,0.9900000095367432
Audio_Tag_Speech,346.08,347.535,1.0
Audio_Tag_Speech,347.03999999999996,348.495,0.9900000095367432
Audio_Tag_Speech,348.0,348.975,0.7599999904632568
Audio_Tag_Speech,348.47999999999996,349.455,0.9599999785423279
Audio_Tag_Speech,348.96,349.935,0.9700000286102295
Audio_Tag_Speech,349.44,350.415,0.44999998807907104
Audio_Tag_Speech,349.91999999999996,350.895,0.9300000071525574
Audio_Tag_Speech,350.4,351.375,0.8299999833106995
Audio_Tag_Speech,350.88,351.855,0.7099999785423279
Audio_Tag_Speech,351.36,352.33500000000004,0.9900000095367432
Audio_Tag_Speech,351.84,352.815,0.9599999785423279
Audio_Tag_Speech,352.32,353.295,0.8299999833106995
Audio_Tag_Speech,352.8,353.77500000000003,0.9599999785423279
Audio_Tag_Speech,353.28,355.695,1.0
Audio_Tag_Speech,355.2,356.175,0.9900000095367432
Audio_Tag_Speech,355.68,356.65500000000003,0.8899999856948853
Audio_Tag_Speech,356.15999999999997,357.615,0.41999998688697815
Audio_Tag_Speech,357.12,359.055,1.0
Audio_Tag_Speech,358.56,359.535,0.9800000190734863
Audio_Tag_Speech,359.03999999999996,360.015,0.9599999785423279
Audio_Tag_Speech,359.52,360.495,1.0
Audio_Tag_Speech,360.0,360.975,0.9800000190734863
Audio_Tag_Speech,360.47999999999996,361.455,0.9900000095367432
Audio_Tag_Speech,360.96,361.935,0.949999988079071
Audio_Tag_Speech,361.44,362.415,0.9900000095367432
Audio_Tag_Speech,361.91999999999996,362.895,1.0
Audio_Tag_Speech,362.4,363.375,0.9300000071525574
Audio_Tag_Speech,362.88,363.855,0.9800000190734863
Audio_Tag_Speech,363.36,364.33500000000004,0.9900000095367432
Audio_Tag_Speech,363.84,365.295,1.0
Audio_Tag_Speech,364.8,365.77500000000003,0.9800000190734863
Audio_Tag_Speech,365.28,366.255,0.9900000095367432
Audio_Tag_Speech,365.76,367.21500000000003,0.9800000190734863
Audio_Tag_Speech,366.71999999999997,367.695,0.8600000143051147
Audio_Tag_Speech,367.2,368.175,0.8399999737739563
Audio_Tag_Speech,367.68,368.65500000000003,0.8999999761581421
Audio_Tag_Speech,368.15999999999997,369.135,0.2800000011920929
Audio_Tag_Speech,368.64,369.615,0.9700000286102295
Audio_Tag_Speech,369.12,370.095,0.5799999833106995
Audio_Tag_Speech,369.59999999999997,370.575,0.9200000166893005
Audio_Tag_Speech,370.08,371.055,0.9800000190734863
Audio_Tag_Speech,370.56,371.535,0.5799999833106995
Audio_Tag_Speech,371.03999999999996,372.015,0.949999988079071
Audio_Tag_Speech,371.52,372.495,0.7400000095367432
Audio_Tag_Speech,372.0,372.975,0.9800000190734863
Audio_Tag_Speech,372.47999999999996,373.935,0.9700000286102295
Audio_Tag_Speech,373.44,374.415,0.3799999952316284
Audio_Tag_Speech,373.91999999999996,374.895,0.8899999856948853
Audio_Tag_Speech,374.4,375.375,0.8999999761581421
Audio_Tag_Speech,374.88,375.855,0.7400000095367432
Audio_Tag_Speech,375.36,376.33500000000004,0.7300000190734863
Audio_Tag_Speech,375.84,376.815,0.9900000095367432
Audio_Tag_Speech,376.32,379.21500000000003,1.0
Audio_Tag_Speech,378.71999999999997,379.695,0.9900000095367432
Audio_Tag_Speech,379.2,380.175,1.0
Audio_Tag_Speech,379.68,381.135,0.9900000095367432
Audio_Tag_Speech,380.64,382.095,1.0
Audio_Tag_Speech,381.59999999999997,382.575,0.9900000095367432
Audio_Tag_Speech,382.08,383.055,1.0
Audio_Tag_Speech,382.56,383.535,0.9900000095367432
Audio_Tag_Speech,383.03999999999996,384.495,1.0
Audio_Tag_Speech,384.0,385.455,0.9900000095367432
Audio_Tag_Speech,384.96,387.375,1.0
Audio_Tag_Speech,386.88,388.33500000000004,0.9900000095367432
Audio_Tag_Speech,387.84,388.815,0.949999988079071
Audio_Tag_Speech,388.32,389.77500000000003,0.9800000190734863
Audio_Tag_Speech,390.24,391.21500000000003,0.9900000095367432
Audio_Tag_Speech,390.71999999999997,391.695,0.9599999785423279
Audio_Tag_Speech,391.2,392.65500000000003,1.0
Audio_Tag_Speech,392.15999999999997,393.615,0.9900000095367432
Audio_Tag_Speech,393.12,394.095,0.9700000286102295
Audio_Tag_Speech,393.59999999999997,394.575,0.9300000071525574
Audio_Tag_Speech,394.08,395.055,0.9900000095367432
Audio_Tag_Speech,394.56,398.415,1.0
Audio_Tag_Speech,397.91999999999996,398.895,0.9900000095367432
Audio_Tag_Speech,398.4,399.855,1.0
Audio_Tag_Speech,399.36,400.33500000000004,0.9900000095367432
Audio_Tag_Speech,399.84,400.815,0.9399999976158142
Audio_Tag_Speech,400.32,401.295,0.8799999952316284
Audio_Tag_Speech,400.8,403.21500000000003,1.0
Audio_Tag_Speech,402.71999999999997,403.695,0.949999988079071
Audio_Tag_Speech,403.2,404.175,1.0
Audio_Tag_Speech,403.68,404.65500000000003,0.9900000095367432
Audio_Tag_Speech,404.15999999999997,406.095,1.0
Audio_Tag_Speech,405.59999999999997,407.055,0.9900000095367432
Audio_Tag_Speech,406.56,408.015,1.0
Audio_Tag_Speech,407.52,408.495,0.9700000286102295
Audio_Tag_Speech,408.0,408.975,0.9900000095367432
Audio_Tag_Speech,408.47999999999996,409.455,0.9599999785423279
Audio_Tag_Speech,408.96,410.895,0.9900000095367432
Audio_Tag_Speech,410.4,411.855,1.0
Audio_Tag_Speech,411.35999999999996,412.335,0.8799999952316284
Audio_Tag_Speech,411.84,412.815,1.0
Audio_Tag_Speech,412.32,413.77500000000003,0.9900000095367432
Audio_Tag_Speech,413.28,414.735,0.9700000286102295
Audio_Tag_Speech,414.24,415.21500000000003,0.9399999976158142
Audio_Tag_Speech,414.71999999999997,415.695,0.9599999785423279
Audio_Tag_Speech,415.2,417.615,0.9900000095367432
Audio_Tag_Speech,417.12,418.095,0.4000000059604645
Audio_Tag_Speech,417.59999999999997,419.055,0.5699999928474426
Audio_Tag_Speech,418.56,419.535,1.0
Audio_Tag_Speech,419.03999999999996,420.015,0.9700000286102295
Audio_Tag_Speech,419.52,420.495,0.9900000095367432
Audio_Tag_Speech,420.0,420.975,0.9800000190734863
Audio_Tag_Speech,420.47999999999996,421.935,1.0
Audio_Tag_Speech,421.44,422.415,0.9800000190734863
Audio_Tag_Speech,421.91999999999996,422.895,0.9700000286102295
Audio_Tag_Speech,422.4,423.375,0.800000011920929
Audio_Tag_Speech,422.88,423.855,1.0
Audio_Tag_Speech,423.35999999999996,424.335,0.9900000095367432
Audio_Tag_Speech,423.84,424.815,0.9700000286102295
Audio_Tag_Speech,424.32,425.77500000000003,1.0
Audio_Tag_Speech,425.28,426.735,0.9599999785423279
Audio_Tag_Speech,426.24,427.21500000000003,0.9800000190734863
Audio_Tag_Speech,426.71999999999997,427.695,0.9700000286102295
Audio_Tag_Speech,427.2,428.175,0.9900000095367432
Audio_Tag_Speech,427.68,428.65500000000003,0.9599999785423279
Audio_Tag_Speech,428.15999999999997,429.615,1.0
Audio_Tag_Speech,429.12,430.095,0.9800000190734863
Audio_Tag_Speech,429.59999999999997,430.575,0.9599999785423279
Audio_Tag_Speech,430.08,431.055,0.9800000190734863
Audio_Tag_Speech,430.56,431.535,0.9900000095367432
Audio_Tag_Speech,431.03999999999996,432.015,0.9800000190734863
Audio_Tag_Speech,431.52,432.495,0.9900000095367432
Audio_Tag_Speech,432.0,432.975,0.9800000190734863
Audio_Tag_Speech,432.47999999999996,433.455,0.9900000095367432
Audio_Tag_Speech,432.96,433.935,0.9800000190734863
Audio_Tag_Speech,433.44,435.375,0.9900000095367432
Audio_Tag_Speech,434.88,435.855,0.9100000262260437
Audio_Tag_Speech,435.35999999999996,436.335,0.9599999785423279
Audio_Tag_Speech,435.84,436.815,0.9900000095367432
Audio_Tag_Speech,436.32,437.295,1.0
Audio_Tag_Speech,436.8,438.255,0.9900000095367432
Audio_Tag_Speech,437.76,439.21500000000003,0.9800000190734863
Audio_Tag_Speech,438.71999999999997,440.175,0.7599999904632568
Audio_Tag_Speech,439.68,440.65500000000003,0.9399999976158142
Audio_Tag_Speech,440.15999999999997,441.135,0.8899999856948853
Audio_Tag_Speech,440.64,441.615,0.9200000166893005
Audio_Tag_Speech,441.12,442.095,0.9100000262260437
Audio_Tag_Speech,441.59999999999997,442.575,0.949999988079071
Audio_Tag_Speech,442.08,443.055,0.9599999785423279
Audio_Tag_Speech,442.56,443.535,0.8399999737739563
Audio_Tag_Speech,443.03999999999996,444.015,0.9300000071525574
Audio_Tag_Speech,443.52,444.495,0.8700000047683716
Audio_Tag_Speech,444.0,444.975,0.6299999952316284
Audio_Tag_Speech,444.47999999999996,445.455,0.7900000214576721
Audio_Tag_Speech,444.96,445.935,0.9200000166893005
Audio_Tag_Speech,445.44,446.415,0.7099999785423279
Audio_Tag_Speech,445.91999999999996,446.895,0.9599999785423279
Audio_Tag_Speech,446.4,447.375,0.9800000190734863
Audio_Tag_Speech,446.88,447.855,0.9900000095367432
Audio_Tag_Speech,447.35999999999996,448.335,0.9800000190734863
Audio_Tag_Speech,447.84,448.815,0.9900000095367432
Audio_Tag_Speech,448.32,449.295,0.9700000286102295
Audio_Tag_Speech,448.8,449.77500000000003,0.800000011920929
Audio_Tag_Speech,449.28,450.255,0.6200000047683716
Audio_Tag_Speech,449.76,451.21500000000003,0.9200000166893005
Audio_Tag_Speech,450.71999999999997,451.695,0.9100000262260437
Audio_Tag_Speech,451.2,452.175,0.9900000095367432
Audio_Tag_Speech,451.68,452.65500000000003,0.9800000190734863
Audio_Tag_Speech,452.15999999999997,453.135,0.9900000095367432
Audio_Tag_Speech,452.64,454.095,1.0
Audio_Tag_Speech,453.59999999999997,454.575,0.949999988079071
Audio_Tag_Speech,454.08,455.055,0.9700000286102295
Audio_Tag_Speech,454.56,455.535,0.9800000190734863
Audio_Tag_Speech,455.03999999999996,456.015,0.9599999785423279
Audio_Tag_Speech,455.52,456.495,0.8899999856948853
Audio_Tag_Speech,456.0,456.975,0.8700000047683716
Audio_Tag_Speech,456.47999999999996,457.455,0.9900000095367432
Audio_Tag_Speech,456.96,457.935,0.9200000166893005
Audio_Tag_Speech,457.44,458.415,0.8999999761581421
Audio_Tag_Speech,457.91999999999996,458.895,0.8199999928474426
Audio_Tag_Speech,458.88,459.855,0.9900000095367432
Audio_Tag_Speech,459.35999999999996,460.815,1.0
Audio_Tag_Speech,460.32,461.775,0.9900000095367432
Audio_Tag_Speech,461.28,464.175,1.0
Audio_Tag_Speech,463.68,464.65500000000003,0.9900000095367432
Audio_Tag_Speech,464.15999999999997,465.615,1.0
Audio_Tag_Speech,465.12,466.095,0.9900000095367432
Audio_Tag_Speech,465.59999999999997,467.535,1.0
Audio_Tag_Speech,467.03999999999996,468.015,0.9900000095367432
Audio_Tag_Speech,467.52,468.975,1.0
Audio_Tag_Speech,468.47999999999996,469.935,0.9900000095367432
Audio_Tag_Speech,469.44,470.415,1.0
Audio_Tag_Speech,469.91999999999996,470.895,0.9800000190734863
Audio_Tag_Speech,471.84,472.815,0.20999999344348907
Audio_Tag_Speech,472.32,473.295,0.3100000023841858
Audio_Tag_Speech,472.79999999999995,473.775,0.800000011920929
Audio_Tag_Speech,473.28,474.255,0.4399999976158142
Audio_Tag_Speech,473.76,474.735,0.7099999785423279
Audio_Tag_Speech,474.24,475.21500000000003,0.8299999833106995
Audio_Tag_Speech,474.71999999999997,475.695,0.9800000190734863
Audio_Tag_Speech,475.2,476.175,0.9900000095367432
Audio_Tag_Speech,475.68,476.65500000000003,0.9700000286102295
Audio_Tag_Speech,476.15999999999997,477.135,0.3799999952316284
Audio_Tag_Speech,476.64,477.615,0.38999998569488525
Audio_Tag_Speech,477.12,478.095,0.9399999976158142
Audio_Tag_Speech,477.59999999999997,478.575,1.0
Audio_Tag_Speech,478.08,479.055,0.9900000095367432
Audio_Tag_Speech,478.56,479.535,0.699999988079071
Audio_Tag_Speech,479.03999999999996,480.015,0.9800000190734863
Audio_Tag_Speech,479.52,481.935,1.0
Audio_Tag_Speech,481.44,482.415,0.9700000286102295
Audio_Tag_Speech,481.91999999999996,483.855,0.9900000095367432
Audio_Tag_Speech,483.35999999999996,484.335,0.800000011920929
Audio_Tag_Speech,483.84,484.815,0.9599999785423279
Audio_Tag_Speech,484.32,486.255,0.9900000095367432
Audio_Tag_Speech,485.76,486.735,0.9599999785423279
Audio_Tag_Speech,486.24,487.21500000000003,0.9100000262260437
Audio_Tag_Speech,486.71999999999997,487.695,0.8500000238418579
Audio_Tag_Speech,487.2,488.175,0.9900000095367432
Audio_Tag_Speech,487.68,489.135,1.0
Audio_Tag_Speech,488.64,489.615,0.9900000095367432
Audio_Tag_Speech,489.12,490.095,1.0
Audio_Tag_Speech,489.59999999999997,490.575,0.9900000095367432
Audio_Tag_Speech,490.08,491.055,1.0
Audio_Tag_Speech,490.56,491.535,0.9800000190734863
Audio_Tag_Speech,491.03999999999996,492.015,1.0
Audio_Tag_Speech,491.52,492.495,0.9700000286102295
Audio_Tag_Speech,492.0,493.455,0.9900000095367432
Audio_Tag_Speech,492.96,494.415,1.0
Audio_Tag_Speech,493.91999999999996,494.895,0.9900000095367432
Audio_Tag_Speech,494.4,495.375,0.949999988079071
Audio_Tag_Speech,494.88,497.295,1.0
Audio_Tag_Speech,496.79999999999995,497.775,0.9800000190734863
Audio_Tag_Speech,497.28,498.735,1.0
Audio_Tag_Speech,498.24,499.21500000000003,0.9700000286102295
Audio_Tag_Speech,498.71999999999997,499.695,0.9900000095367432
Audio_Tag_Speech,499.2,500.175,0.949999988079071
Audio_Tag_Speech,499.68,500.65500000000003,0.8999999761581421
Audio_Tag_Speech,500.15999999999997,501.615,0.5
Audio_Tag_Speech,501.12,503.055,0.9900000095367432
Audio_Tag_Speech,502.56,503.535,0.9700000286102295
Audio_Tag_Speech,503.03999999999996,504.015,0.9800000190734863
Audio_Tag_Speech,503.52,504.975,0.9599999785423279
Audio_Tag_Speech,504.47999999999996,505.455,0.9900000095367432
Audio_Tag_Speech,504.96,505.935,0.49000000953674316
Audio_Tag_Speech,505.44,506.415,0.8999999761581421
Audio_Tag_Speech,505.91999999999996,506.895,0.949999988079071
Audio_Tag_Speech,506.4,507.375,0.6600000262260437
Audio_Tag_Speech,506.88,507.855,0.5
Audio_Tag_Speech,507.35999999999996,508.335,0.47999998927116394
Audio_Tag_Speech,507.84,508.815,0.5899999737739563
Audio_Tag_Speech,508.32,509.295,0.8399999737739563
Audio_Tag_Speech,508.79999999999995,509.775,0.46000000834465027
Audio_Tag_Speech,509.28,510.255,0.8999999761581421
Audio_Tag_Speech,509.76,511.21500000000003,0.6600000262260437
Audio_Tag_Speech,510.71999999999997,511.695,0.30000001192092896
Audio_Tag_Speech,511.2,512.175,0.6600000262260437
Audio_Tag_Speech,511.68,512.655,0.4300000071525574
Audio_Tag_Speech,512.16,513.135,0.4399999976158142
Audio_Tag_Speech,512.64,513.615,0.46000000834465027
Audio_Tag_Speech,513.12,514.095,0.4000000059604645
Audio_Tag_Speech,513.6,514.575,0.699999988079071
Audio_Tag_Speech,514.0799999999999,515.055,0.7799999713897705
Audio_Tag_Speech,514.56,515.535,0.7599999904632568
Audio_Tag_Speech,515.04,516.015,0.8999999761581421
Audio_Tag_Speech,515.52,516.495,0.949999988079071
Audio_Tag_Speech,516.0,516.975,0.7599999904632568
Audio_Tag_Speech,516.48,517.455,0.8600000143051147
Audio_Tag_Speech,516.96,518.415,0.9800000190734863
Audio_Tag_Speech,517.92,518.895,0.8199999928474426
Audio_Tag_Speech,518.4,519.375,0.7599999904632568
Audio_Tag_Speech,518.88,520.335,0.7300000190734863
Audio_Tag_Speech,519.84,520.815,0.9900000095367432
Audio_Tag_Speech,520.3199999999999,521.295,0.9800000190734863
Audio_Tag_Speech,520.8,521.775,0.8899999856948853
Audio_Tag_Speech,521.28,522.255,0.9800000190734863
Audio_Tag_Speech,521.76,523.215,0.9900000095367432
Audio_Tag_Speech,522.72,523.695,0.9599999785423279
Audio_Tag_Speech,523.1999999999999,524.175,1.0
Audio_Tag_Speech,523.68,525.135,0.9800000190734863
Audio_Tag_Speech,524.64,525.615,0.9700000286102295
Audio_Tag_Speech,525.12,526.095,0.9300000071525574
Audio_Tag_Speech,525.6,526.575,0.8700000047683716
Audio_Tag_Speech,526.0799999999999,527.535,0.9900000095367432
Audio_Tag_Speech,527.04,528.015,1.0
Audio_Tag_Speech,527.52,528.495,0.9900000095367432
Audio_Tag_Speech,528.0,528.975,0.9700000286102295
Audio_Tag_Speech,528.48,529.455,0.9900000095367432
Audio_Tag_Speech,528.96,529.9350000000001,0.9599999785423279
Audio_Tag_Speech,529.4399999999999,530.415,0.9900000095367432
Audio_Tag_Speech,529.92,530.895,0.8100000023841858
Audio_Tag_Speech,530.4,531.375,0.9599999785423279
Audio_Tag_Speech,530.88,531.855,0.8700000047683716
Audio_Tag_Speech,531.36,532.335,0.5600000023841858
Audio_Tag_Speech,531.84,532.815,0.8199999928474426
Audio_Tag_Speech,532.3199999999999,533.295,0.8500000238418579
Audio_Tag_Speech,532.8,533.775,0.7900000214576721
Audio_Tag_Speech,533.28,534.735,0.9800000190734863
Audio_Tag_Speech,534.24,535.215,0.800000011920929
Audio_Tag_Speech,534.72,535.695,0.9399999976158142
Audio_Tag_Speech,535.1999999999999,536.175,0.8299999833106995
Audio_Tag_Speech,535.68,536.655,0.949999988079071
Audio_Tag_Speech,536.16,537.135,0.8500000238418579
Audio_Tag_Speech,536.64,537.615,0.6399999856948853
Audio_Tag_Speech,537.12,538.095,0.8399999737739563
Audio_Tag_Speech,537.6,538.575,0.9300000071525574
Audio_Tag_Speech,538.0799999999999,539.055,0.8500000238418579
Audio_Tag_Speech,538.56,539.535,0.949999988079071
Audio_Tag_Speech,539.04,540.495,0.8100000023841858
Audio_Tag_Speech,540.0,540.975,0.8600000143051147
Audio_Tag_Speech,540.48,541.455,0.75
Audio_Tag_Speech,540.96,541.9350000000001,0.6000000238418579
Audio_Tag_Speech,541.92,543.855,0.9800000190734863
Audio_Tag_Speech,543.36,544.335,0.9900000095367432
Audio_Tag_Speech,543.84,544.815,0.9300000071525574
Audio_Tag_Speech,544.3199999999999,545.295,0.9900000095367432
Audio_Tag_Speech,544.8,545.775,0.9800000190734863
Audio_Tag_Speech,545.28,548.655,1.0
Audio_Tag_Speech,548.16,549.135,0.9900000095367432
Audio_Tag_Speech,548.64,552.015,1.0
Audio_Tag_Speech,551.52,552.495,0.9900000095367432
Audio_Tag_Speech,552.0,552.975,0.8299999833106995
Audio_Tag_Speech,553.92,554.895,0.8299999833106995
Audio_Tag_Speech,554.4,555.375,1.0
Audio_Tag_Speech,554.88,555.855,0.9800000190734863
Audio_Tag_Speech,555.36,556.335,0.9900000095367432
Audio_Tag_Speech,555.84,556.815,0.9399999976158142
Audio_Tag_Speech,556.3199999999999,557.295,0.9700000286102295
Audio_Tag_Speech,556.8,558.735,0.9900000095367432
Audio_Tag_Speech,558.24,559.215,0.9700000286102295
Audio_Tag_Speech,558.72,559.695,0.9599999785423279
Audio_Tag_Speech,559.1999999999999,561.135,1.0
Audio_Tag_Speech,560.64,562.095,0.9800000190734863
Audio_Tag_Speech,561.6,562.575,0.28999999165534973
Audio_Tag_Speech,562.0799999999999,563.055,0.44999998807907104
Audio_Tag_Speech,562.56,563.535,0.6700000166893005
Audio_Tag_Speech,563.04,564.015,0.7900000214576721
Audio_Tag_Speech,563.52,564.495,0.5699999928474426
Audio_Tag_Speech,564.0,564.975,0.5600000023841858
Audio_Tag_Speech,564.48,565.455,0.9599999785423279
Audio_Tag_Speech,564.9599999999999,567.375,0.9900000095367432
Audio_Tag_Speech,566.88,567.855,0.9100000262260437
Audio_Tag_Speech,567.36,568.335,0.9900000095367432
Audio_Tag_Speech,567.84,568.815,0.9800000190734863
Audio_Tag_Speech,568.3199999999999,569.775,1.0
Audio_Tag_Speech,569.28,570.255,0.9599999785423279
Audio_Tag_Speech,569.76,571.215,0.9900000095367432
Audio_Tag_Speech,574.56,575.535,0.8899999856948853
Audio_Tag_Speech,575.04,576.015,0.7400000095367432
Audio_Tag_Speech,575.52,577.455,1.0
Audio_Tag_Speech,576.9599999999999,578.415,0.9900000095367432
Audio_Tag_Speech,577.92,578.895,1.0
Audio_Tag_Speech,578.4,579.375,0.8100000023841858
Audio_Tag_Speech,578.88,579.855,0.6600000262260437
Audio_Tag_Speech,579.36,580.335,0.9100000262260437
Audio_Tag_Speech,579.84,580.815,0.9700000286102295
Audio_Tag_Speech,580.3199999999999,581.295,0.9200000166893005
Audio_Tag_Speech,580.8,581.775,0.9700000286102295
Audio_Tag_Speech,581.28,583.215,0.9800000190734863
Audio_Tag_Speech,582.72,583.695,0.9599999785423279
Audio_Tag_Speech,583.1999999999999,584.175,0.949999988079071
Audio_Tag_Speech,583.68,584.655,0.9599999785423279
Audio_Tag_Speech,584.16,585.135,0.7699999809265137
Audio_Tag_Speech,584.64,587.535,1.0
Audio_Tag_Speech,587.04,588.015,0.8100000023841858
Audio_Tag_Speech,587.52,588.975,0.4699999988079071
Audio_Tag_Speech,588.48,589.455,0.9700000286102295
Audio_Tag_Speech,588.9599999999999,590.415,0.9800000190734863
Audio_Tag_Speech,589.92,590.895,0.9900000095367432
Audio_Tag_Speech,590.4,591.375,1.0
Audio_Tag_Speech,590.88,591.855,0.9900000095367432
Audio_Tag_Speech,591.36,592.335,1.0
Audio_Tag_Speech,591.84,593.295,0.9900000095367432
Audio_Tag_Speech,592.8,593.775,0.949999988079071
Audio_Tag_Speech,593.28,594.255,0.9900000095367432
Audio_Tag_Speech,593.76,594.735,0.9599999785423279
Audio_Tag_Speech,594.24,595.215,0.8500000238418579
Audio_Tag_Speech,594.72,596.175,0.8299999833106995
Audio_Tag_Speech,595.68,596.655,1.0
Audio_Tag_Speech,596.16,597.615,0.9900000095367432
Audio_Tag_Speech,597.12,599.055,1.0
Audio_Tag_Speech,598.56,599.535,0.9900000095367432
Audio_Tag_Speech,599.04,600.015,0.9800000190734863
Audio_Tag_Speech,599.52,600.495,0.9599999785423279
Audio_Tag_Speech,600.0,600.975,0.9800000190734863
Audio_Tag_Speech,600.48,602.415,0.9900000095367432
Audio_Tag_Speech,601.92,602.895,0.949999988079071
Audio_Tag_Speech,602.4,603.375,0.8600000143051147
Audio_Tag_Speech,602.88,603.855,0.7900000214576721
Audio_Tag_Speech,603.36,604.335,0.9599999785423279
Audio_Tag_Speech,603.84,604.815,0.9100000262260437
Audio_Tag_Speech,604.3199999999999,605.295,0.8600000143051147
Audio_Tag_Speech,604.8,606.255,0.4699999988079071
Audio_Tag_Speech,605.76,607.695,0.9900000095367432
Audio_Tag_Speech,607.1999999999999,608.175,1.0
Audio_Tag_Speech,607.68,609.135,0.9900000095367432
Audio_Tag_Speech,608.64,609.615,0.9700000286102295
Audio_Tag_Speech,609.12,611.055,0.9900000095367432
Audio_Tag_Speech,610.56,612.495,1.0
Audio_Tag_Speech,612.0,612.975,0.9900000095367432
Audio_Tag_Speech,612.48,613.935,1.0
Audio_Tag_Speech,613.4399999999999,614.415,0.9900000095367432
Audio_Tag_Speech,613.92,614.895,0.9800000190734863
Audio_Tag_Speech,614.4,618.255,1.0
Audio_Tag_Speech,617.76,618.735,0.949999988079071
Audio_Tag_Speech,618.24,619.215,0.9800000190734863
Audio_Tag_Speech,618.72,619.695,1.0
Audio_Tag_Speech,619.1999999999999,621.135,0.9900000095367432
Audio_Tag_Speech,620.64,621.615,1.0
Audio_Tag_Speech,621.12,622.575,0.9800000190734863
Audio_Tag_Speech,622.0799999999999,623.055,0.9399999976158142
Audio_Tag_Speech,622.56,623.535,0.9700000286102295
Audio_Tag_Speech,623.52,631.695,1.0
Audio_Tag_Speech,631.1999999999999,632.175,0.9800000190734863
Audio_Tag_Speech,631.68,632.655,1.0
Audio_Tag_Speech,632.16,633.135,0.9900000095367432
Audio_Tag_Speech,632.64,633.615,1.0
Audio_Tag_Speech,633.12,634.095,0.7900000214576721
Audio_Tag_Speech,633.6,634.575,0.9399999976158142
Audio_Tag_Speech,635.04,636.015,0.9700000286102295
Audio_Tag_Speech,635.52,636.975,1.0
Audio_Tag_Speech,636.48,637.455,0.9700000286102295
Audio_Tag_Speech,636.9599999999999,638.895,1.0
Audio_Tag_Speech,638.4,639.855,0.9900000095367432
Audio_Tag_Speech,639.36,640.335,0.9700000286102295
Audio_Tag_Speech,639.84,640.815,0.9900000095367432
Audio_Tag_Speech,640.3199999999999,644.175,1.0
Audio_Tag_Speech,643.68,644.655,0.9900000095367432
Audio_Tag_Speech,644.16,645.615,1.0
Audio_Tag_Speech,645.12,646.095,0.9700000286102295
Audio_Tag_Speech,645.6,646.575,0.9900000095367432
Audio_Tag_Speech,646.0799999999999,647.055,1.0
Audio_Tag_Speech,646.56,647.535,0.5299999713897705
Audio_Tag_Speech,647.04,648.015,0.3100000023841858
Audio_Tag_Speech,647.52,648.975,0.9900000095367432
Audio_Tag_Speech,648.48,649.455,0.9800000190734863
Audio_Tag_Speech,648.9599999999999,649.935,0.8799999952316284
Audio_Tag_Speech,649.4399999999999,650.415,0.9599999785423279
Audio_Tag_Speech,649.92,650.895,0.9900000095367432
Audio_Tag_Speech,650.4,651.375,0.8600000143051147
Audio_Tag_Speech,650.88,651.855,0.9900000095367432
Audio_Tag_Speech,651.36,652.335,0.9300000071525574
Audio_Tag_Speech,651.84,652.815,0.2800000011920929
Audio_Tag_Speech,652.3199999999999,653.295,0.3700000047683716
Audio_Tag_Speech,652.8,653.775,0.800000011920929
Audio_Tag_Speech,653.28,654.255,0.6499999761581421
Audio_Tag_Speech,653.76,654.735,0.699999988079071
Audio_Tag_Speech,654.24,655.215,0.6800000071525574
Audio_Tag_Speech,654.72,656.175,0.4699999988079071
Audio_Tag_Speech,655.68,656.655,0.9900000095367432
Audio_Tag_Speech,656.16,657.615,1.0
Audio_Tag_Speech,657.12,658.575,0.9800000190734863
Audio_Tag_Speech,658.0799999999999,659.055,0.9900000095367432
Audio_Tag_Speech,658.56,659.535,0.9800000190734863
Audio_Tag_Speech,659.04,660.015,0.9700000286102295
Audio_Tag_Speech,659.52,660.975,1.0
Audio_Tag_Speech,660.48,661.455,0.9900000095367432
Audio_Tag_Speech,660.9599999999999,663.855,1.0
Audio_Tag_Speech,663.36,664.335,0.9900000095367432
Audio_Tag_Speech,663.84,664.815,0.9300000071525574
Audio_Tag_Speech,664.3199999999999,665.295,0.8700000047683716
Audio_Tag_Speech,664.8,665.775,0.9399999976158142
Audio_Tag_Speech,665.28,666.255,0.9100000262260437
Audio_Tag_Speech,665.76,666.735,0.9900000095367432
Audio_Tag_Speech,666.24,667.215,0.9599999785423279
Audio_Tag_Speech,666.72,667.695,0.5099999904632568
Audio_Tag_Speech,667.1999999999999,668.175,0.8399999737739563
Audio_Tag_Speech,667.68,668.655,0.949999988079071
Audio_Tag_Speech,668.16,669.135,0.9900000095367432
Audio_Tag_Speech,668.64,669.615,0.9800000190734863
Audio_Tag_Speech,669.12,670.095,0.9599999785423279
Audio_Tag_Speech,669.6,670.575,0.9700000286102295
Audio_Tag_Speech,670.0799999999999,671.055,0.9300000071525574
Audio_Tag_Speech,670.56,671.535,0.9900000095367432
Audio_Tag_Speech,671.04,673.935,1.0
Audio_Tag_Speech,673.4399999999999,674.415,0.9900000095367432
Audio_Tag_Speech,673.92,674.895,0.9800000190734863
Audio_Tag_Speech,674.4,675.375,0.9200000166893005
Audio_Tag_Speech,674.88,675.855,0.9900000095367432
Audio_Tag_Speech,675.36,676.335,0.9800000190734863
Audio_Tag_Speech,675.8399999999999,676.8149999999999,0.9399999976158142
Audio_Tag_Speech,676.3199999999999,679.215,1.0
Audio_Tag_Speech,678.72,679.695,0.8100000023841858
Audio_Tag_Speech,679.1999999999999,680.175,1.0
Audio_Tag_Speech,679.68,680.655,0.9900000095367432
Audio_Tag_Speech,680.16,681.615,1.0
Audio_Tag_Speech,681.12,682.095,0.9700000286102295
Audio_Tag_Speech,681.6,683.055,0.9900000095367432
Audio_Tag_Speech,682.56,683.535,1.0
Audio_Tag_Speech,683.04,684.015,0.9900000095367432
Audio_Tag_Speech,683.52,684.975,1.0
Audio_Tag_Speech,684.48,685.935,0.9900000095367432
Audio_Tag_Speech,685.4399999999999,693.135,1.0
Audio_Tag_Speech,692.64,693.615,0.9900000095367432
Audio_Tag_Speech,693.12,694.095,1.0
Audio_Tag_Speech,693.6,694.575,0.9200000166893005
Audio_Tag_Speech,694.0799999999999,695.055,0.9700000286102295
Audio_Tag_Speech,697.4399999999999,698.415,0.7900000214576721
Audio_Tag_Speech,697.92,699.375,0.9599999785423279
Audio_Tag_Speech,698.88,700.335,1.0
Audio_Tag_Speech,699.8399999999999,700.8149999999999,0.9800000190734863
Audio_Tag_Speech,700.3199999999999,702.255,1.0
Audio_Tag_Speech,701.76,703.215,0.9900000095367432
Audio_Tag_Speech,702.72,707.055,1.0
Audio_Tag_Speech,706.56,707.535,0.9900000095367432
Audio_Tag_Speech,707.04,708.015,0.9800000190734863
Audio_Tag_Speech,707.52,708.975,1.0
Audio_Tag_Speech,708.48,709.455,0.9800000190734863
Audio_Tag_Speech,708.9599999999999,709.935,1.0
Audio_Tag_Speech,709.4399999999999,710.415,0.9800000190734863
Audio_Tag_Speech,709.92,710.895,0.7400000095367432
Audio_Tag_Speech,710.4,712.335,1.0
Audio_Tag_Speech,711.8399999999999,712.8149999999999,0.800000011920929
Audio_Tag_Speech,712.3199999999999,714.255,0.9399999976158142
Audio_Tag_Speech,713.76,714.735,0.9800000190734863
Audio_Tag_Speech,714.24,715.215,0.9700000286102295
Audio_Tag_Speech,714.72,716.175,0.9900000095367432
Audio_Tag_Speech,715.68,716.655,0.8799999952316284
Audio_Tag_Speech,716.16,717.135,0.8399999737739563
Audio_Tag_Speech,716.64,717.615,0.9200000166893005
Audio_Tag_Speech,717.12,718.095,0.9599999785423279
Audio_Tag_Speech,717.6,718.575,0.9300000071525574
Audio_Tag_Speech,718.0799999999999,719.055,0.9599999785423279
Audio_Tag_Speech,718.56,719.535,0.9700000286102295
Audio_Tag_Speech,719.04,720.015,0.9900000095367432
Audio_Tag_Speech,719.52,720.495,0.9599999785423279
Audio_Tag_Speech,720.0,721.935,1.0
Audio_Tag_Speech,721.4399999999999,722.415,0.8799999952316284
Audio_Tag_Speech,721.92,723.375,1.0
Audio_Tag_Speech,722.88,723.855,0.9900000095367432
Audio_Tag_Speech,723.36,724.335,1.0
Audio_Tag_Speech,723.8399999999999,724.8149999999999,0.9800000190734863
Audio_Tag_Speech,724.3199999999999,725.295,0.9900000095367432
Audio_Tag_Speech,724.8,725.775,1.0
Audio_Tag_Speech,725.28,726.255,0.9200000166893005
Audio_Tag_Speech,725.76,726.735,0.9900000095367432
Audio_Tag_Speech,726.24,727.215,0.9800000190734863
Audio_Tag_Speech,726.72,727.695,1.0
Audio_Tag_Speech,727.1999999999999,728.175,0.9900000095367432
Audio_Tag_Speech,727.68,728.655,1.0
Audio_Tag_Speech,728.16,729.135,0.8999999761581421
Audio_Tag_Speech,728.64,730.095,1.0
Audio_Tag_Speech,729.6,732.015,0.9900000095367432
Audio_Tag_Speech,731.52,732.495,0.9700000286102295
Audio_Tag_Speech,732.0,732.975,0.9900000095367432
Audio_Tag_Speech,732.48,733.455,0.9100000262260437
Audio_Tag_Speech,732.9599999999999,733.935,0.9800000190734863
Audio_Tag_Speech,733.4399999999999,734.415,0.7599999904632568
Audio_Tag_Speech,733.92,734.895,0.9100000262260437
Audio_Tag_Speech,734.4,735.375,0.9300000071525574
Audio_Tag_Speech,734.88,735.855,0.9800000190734863
Audio_Tag_Speech,735.36,736.335,0.8999999761581421
Audio_Tag_Speech,735.8399999999999,736.8149999999999,0.9900000095367432
Audio_Tag_Speech,736.3199999999999,737.295,0.9399999976158142
Audio_Tag_Speech,736.8,737.775,0.9300000071525574
Audio_Tag_Speech,737.28,738.255,0.8399999737739563
Audio_Tag_Speech,737.76,738.735,0.9300000071525574
Audio_Tag_Speech,738.24,739.215,0.9900000095367432
Audio_Tag_Speech,738.72,739.695,0.9200000166893005
Audio_Tag_Speech,739.1999999999999,740.175,0.949999988079071
Audio_Tag_Speech,739.68,740.655,0.9300000071525574
Audio_Tag_Speech,740.16,741.135,0.9800000190734863
Audio_Tag_Speech,740.64,741.615,1.0
Audio_Tag_Speech,741.12,742.095,0.9900000095367432
Audio_Tag_Speech,741.6,742.575,0.9800000190734863
Audio_Tag_Speech,742.0799999999999,743.055,0.9900000095367432
Audio_Tag_Speech,742.56,743.535,0.800000011920929
Audio_Tag_Speech,743.04,744.015,0.7699999809265137
Audio_Tag_Speech,743.52,746.895,0.20000000298023224
Audio_Tag_Speech,747.8399999999999,750.735,0.3400000035762787
Audio_Tag_Speech,750.72,752.175,0.28999999165534973
Audio_Tag_Speech,751.68,752.655,0.25
Audio_Tag_Speech,762.24,763.215,0.9200000166893005
Audio_Tag_Speech,762.72,763.695,0.9900000095367432
Audio_Tag_Speech,763.1999999999999,770.415,1.0
Audio_Tag_Speech,769.92,770.895,0.9900000095367432
Audio_Tag_Speech,770.4,774.735,1.0
Audio_Tag_Speech,774.24,775.215,0.949999988079071
Audio_Tag_Speech,774.72,775.695,1.0
Audio_Tag_Speech,775.1999999999999,777.615,0.9900000095367432
Audio_Tag_Speech,777.12,778.095,1.0
Audio_Tag_Speech,777.6,778.575,0.9900000095367432
Audio_Tag_Speech,778.0799999999999,780.015,1.0
Audio_Tag_Speech,779.52,780.495,0.9900000095367432
Audio_Tag_Speech,780.0,785.295,1.0
Audio_Tag_Speech,784.8,786.255,0.9900000095367432
Audio_Tag_Speech,785.76,786.735,0.9800000190734863
Audio_Tag_Speech,786.24,791.055,1.0
Audio_Tag_Speech,790.56,791.535,0.9900000095367432
Audio_Tag_Speech,791.04,792.495,1.0
Audio_Tag_Speech,792.0,793.935,0.9900000095367432
Audio_Tag_Speech,793.4399999999999,794.415,1.0
Audio_Tag_Speech,793.92,794.895,0.9800000190734863
Audio_Tag_Speech,794.4,795.375,0.5199999809265137
Audio_Tag_Speech,794.88,796.335,0.8700000047683716
Audio_Tag_Speech,795.8399999999999,796.8149999999999,0.9200000166893005
Audio_Tag_Speech,796.3199999999999,797.295,0.9900000095367432
Audio_Tag_Speech,796.8,798.255,1.0
Audio_Tag_Speech,797.76,798.735,0.9800000190734863
Audio_Tag_Speech,798.24,799.215,0.9900000095367432
Audio_Tag_Speech,798.72,800.655,0.9700000286102295
Audio_Tag_Speech,800.16,801.135,0.9300000071525574
Audio_Tag_Speech,800.64,801.615,0.8299999833106995
Audio_Tag_Speech,801.12,802.095,0.9700000286102295
Audio_Tag_Speech,801.6,802.575,0.9900000095367432
Audio_Tag_Speech,802.0799999999999,803.055,0.949999988079071
Audio_Tag_Speech,802.56,803.535,0.9900000095367432
Audio_Tag_Speech,803.04,804.495,1.0
Audio_Tag_Speech,804.0,804.975,0.9900000095367432
Audio_Tag_Speech,804.48,805.455,0.949999988079071
Audio_Tag_Speech,804.9599999999999,805.935,0.9599999785423279
Audio_Tag_Speech,805.4399999999999,806.415,1.0
Audio_Tag_Speech,805.92,806.895,0.9900000095367432
Audio_Tag_Speech,806.4,807.855,0.9800000190734863
Audio_Tag_Speech,807.36,808.335,0.949999988079071
Audio_Tag_Speech,807.8399999999999,808.8149999999999,0.9200000166893005
Audio_Tag_Speech,808.3199999999999,809.295,0.949999988079071
Audio_Tag_Speech,808.8,810.255,0.9900000095367432
Audio_Tag_Speech,809.76,810.735,1.0
Audio_Tag_Speech,810.24,811.215,0.9900000095367432
Audio_Tag_Speech,810.7199999999999,811.6949999999999,0.9800000190734863
Audio_Tag_Speech,811.1999999999999,812.175,0.9599999785423279
Audio_Tag_Speech,811.68,813.135,0.9800000190734863
Audio_Tag_Speech,812.64,813.615,0.9100000262260437
Audio_Tag_Speech,813.12,814.095,0.9700000286102295
Audio_Tag_Speech,813.6,814.575,1.0
Audio_Tag_Speech,814.0799999999999,815.055,0.9900000095367432
Audio_Tag_Speech,814.56,815.535,0.9700000286102295
Audio_Tag_Speech,815.04,816.975,0.9800000190734863
Audio_Tag_Speech,816.48,817.455,0.9700000286102295
Audio_Tag_Speech,816.9599999999999,818.415,0.9800000190734863
Audio_Tag_Speech,817.92,821.775,1.0
Audio_Tag_Speech,821.28,822.255,0.8600000143051147
Audio_Tag_Speech,821.76,823.215,0.9900000095367432
Audio_Tag_Speech,822.7199999999999,827.055,1.0
Audio_Tag_Speech,826.56,827.535,0.9300000071525574
Audio_Tag_Speech,827.04,829.455,1.0
Audio_Tag_Speech,829.4399999999999,830.415,0.8799999952316284
Audio_Tag_Speech,829.92,831.375,0.9900000095367432
Audio_Tag_Speech,830.88,831.855,0.949999988079071
Audio_Tag_Speech,831.36,832.335,0.9800000190734863
Audio_Tag_Speech,831.8399999999999,832.8149999999999,0.8799999952316284
Audio_Tag_Speech,832.3199999999999,833.295,0.9599999785423279
Audio_Tag_Speech,832.8,833.775,0.9900000095367432
Audio_Tag_Speech,833.28,834.255,0.28999999165534973
Audio_Tag_Speech,833.76,834.735,0.3499999940395355
Audio_Tag_Speech,834.24,835.215,0.20999999344348907
Audio_Tag_Speech,834.7199999999999,837.135,0.41999998688697815
Audio_Tag_Speech,836.64,837.615,0.9800000190734863
Audio_Tag_Speech,837.12,838.095,0.9200000166893005
Audio_Tag_Speech,837.6,839.055,0.8600000143051147
Audio_Tag_Speech,838.56,839.535,0.8700000047683716
Audio_Tag_Speech,839.04,840.015,0.8399999737739563
Audio_Tag_Speech,839.52,840.495,0.6700000166893005
Audio_Tag_Speech,840.0,840.975,0.8700000047683716
Audio_Tag_Speech,840.48,844.335,1.0
Audio_Tag_Speech,843.8399999999999,844.8149999999999,0.9900000095367432
Audio_Tag_Speech,844.3199999999999,845.295,0.949999988079071
Audio_Tag_Speech,844.8,845.775,0.9800000190734863
Audio_Tag_Speech,845.28,846.255,0.9900000095367432
Audio_Tag_Speech,845.76,846.735,0.9700000286102295
Audio_Tag_Speech,846.24,847.215,0.8199999928474426
Audio_Tag_Speech,846.7199999999999,847.6949999999999,0.9900000095367432
Audio_Tag_Speech,847.1999999999999,848.655,1.0
Audio_Tag_Speech,848.16,849.135,0.9599999785423279
Audio_Tag_Speech,848.64,849.615,0.9900000095367432
Audio_Tag_Speech,849.12,850.095,0.9700000286102295
Audio_Tag_Speech,849.6,850.575,0.8700000047683716
Audio_Tag_Speech,850.0799999999999,851.055,0.9700000286102295
Audio_Tag_Speech,850.56,852.495,0.9900000095367432
Audio_Tag_Speech,852.0,853.935,1.0
Audio_Tag_Speech,853.4399999999999,854.415,0.9800000190734863
Audio_Tag_Speech,853.92,854.895,0.9900000095367432
Audio_Tag_Speech,854.4,855.375,1.0
Audio_Tag_Speech,854.88,855.855,0.6200000047683716
Audio_Tag_Speech,855.36,856.335,0.9700000286102295
Audio_Tag_Speech,855.8399999999999,856.8149999999999,0.9599999785423279
Audio_Tag_Speech,856.3199999999999,857.295,0.9900000095367432
Audio_Tag_Speech,856.8,857.775,0.9599999785423279
Audio_Tag_Speech,857.28,858.255,0.9200000166893005
Audio_Tag_Speech,857.76,858.735,0.9100000262260437
Audio_Tag_Speech,858.24,859.6949999999999,0.9900000095367432
Audio_Tag_Speech,859.1999999999999,860.175,0.9599999785423279
Audio_Tag_Speech,859.68,860.655,0.6100000143051147
Audio_Tag_Speech,860.16,861.135,0.7599999904632568
Audio_Tag_Speech,860.64,861.615,0.7900000214576721
Audio_Tag_Speech,861.12,862.095,0.7200000286102295
Audio_Tag_Speech,861.6,862.575,0.9900000095367432
Audio_Tag_Speech,862.0799999999999,863.055,0.9800000190734863
Audio_Tag_Speech,862.56,863.535,0.9900000095367432
Audio_Tag_Speech,863.04,864.495,1.0
Audio_Tag_Speech,864.0,864.975,0.9700000286102295
Audio_Tag_Speech,864.48,865.455,0.9900000095367432
Audio_Tag_Speech,864.9599999999999,865.935,0.6399999856948853
Audio_Tag_Speech,865.4399999999999,866.415,0.8299999833106995
Audio_Tag_Speech,865.92,866.895,1.0
Audio_Tag_Speech,866.4,867.375,0.8299999833106995
Audio_Tag_Speech,866.88,867.855,0.4399999976158142
Audio_Tag_Speech,867.36,868.8149999999999,0.49000000953674316
Audio_Tag_Speech,868.3199999999999,869.295,0.3100000023841858
Audio_Tag_Speech,868.8,869.775,0.3400000035762787
Audio_Tag_Speech,869.28,871.215,0.20000000298023224
Audio_Tag_Speech,870.7199999999999,871.6949999999999,0.8100000023841858
Audio_Tag_Speech,871.1999999999999,872.175,0.6200000047683716
Audio_Tag_Speech,871.68,872.655,0.44999998807907104
Audio_Tag_Speech,872.16,873.135,0.8199999928474426
Audio_Tag_Speech,872.64,873.615,0.9900000095367432
Audio_Tag_Speech,873.12,874.575,0.9700000286102295
Audio_Tag_Speech,874.0799999999999,875.055,0.800000011920929
Audio_Tag_Speech,875.04,876.015,0.9800000190734863
Audio_Tag_Speech,875.52,878.415,1.0
Audio_Tag_Speech,877.92,878.895,0.9900000095367432
Audio_Tag_Speech,878.4,879.375,0.9700000286102295
Audio_Tag_Speech,878.88,880.8149999999999,1.0
Audio_Tag_Speech,880.3199999999999,881.295,0.9900000095367432
Audio_Tag_Speech,880.8,881.775,1.0
Audio_Tag_Speech,881.28,882.735,0.9900000095367432
Audio_Tag_Speech,882.24,883.215,1.0
Audio_Tag_Speech,882.7199999999999,883.6949999999999,0.9599999785423279
Audio_Tag_Speech,883.1999999999999,884.175,0.9900000095367432
Audio_Tag_Speech,883.68,886.575,1.0
Audio_Tag_Speech,886.0799999999999,887.055,0.9599999785423279
Audio_Tag_Speech,886.56,889.455,1.0
Audio_Tag_Speech,888.9599999999999,889.935,0.9900000095367432
Audio_Tag_Speech,889.4399999999999,890.895,1.0
Audio_Tag_Speech,890.4,891.375,0.9900000095367432
Audio_Tag_Speech,890.88,894.255,1.0
Audio_Tag_Speech,893.76,894.735,0.6399999856948853
Audio_Tag_Speech,894.24,895.215,0.20000000298023224
Audio_Tag_Speech,894.7199999999999,895.6949999999999,0.9800000190734863
Audio_Tag_Speech,895.1999999999999,896.655,0.9900000095367432
Audio_Tag_Speech,896.16,902.415,1.0
Audio_Tag_Speech,921.5999999999999,922.5749999999999,0.2800000011920929
Audio_Tag_Speech,922.0799999999999,923.055,0.8700000047683716
Audio_Tag_Speech,922.56,923.535,0.9800000190734863
Audio_Tag_Speech,923.04,924.015,0.8899999856948853
Audio_Tag_Speech,923.52,924.495,0.949999988079071
Audio_Tag_Speech,924.0,924.975,0.6399999856948853
Audio_Tag_Speech,924.48,925.455,0.9300000071525574
Audio_Tag_Speech,924.9599999999999,925.935,0.5899999737739563
Audio_Tag_Speech,925.4399999999999,926.415,0.9800000190734863
Audio_Tag_Speech,925.92,926.895,0.7099999785423279
Audio_Tag_Speech,926.4,927.375,0.8999999761581421
Audio_Tag_Speech,926.88,927.855,0.9599999785423279
Audio_Tag_Speech,927.36,928.335,0.9200000166893005
Audio_Tag_Speech,927.8399999999999,928.8149999999999,0.5099999904632568
Audio_Tag_Speech,928.3199999999999,929.295,0.8199999928474426
Audio_Tag_Speech,928.8,929.775,0.9200000166893005
Audio_Tag_Speech,929.28,930.255,0.7400000095367432
Audio_Tag_Speech,929.76,930.735,0.9700000286102295
Audio_Tag_Speech,930.24,931.215,0.9800000190734863
Audio_Tag_Speech,930.7199999999999,931.6949999999999,0.9900000095367432
Audio_Tag_Speech,931.1999999999999,932.175,0.9800000190734863
Audio_Tag_Speech,931.68,932.655,0.949999988079071
Audio_Tag_Speech,932.16,933.135,0.7099999785423279
Audio_Tag_Speech,932.64,933.615,0.9300000071525574
Audio_Tag_Speech,933.12,934.095,0.9900000095367432
Audio_Tag_Speech,933.5999999999999,934.5749999999999,0.75
Audio_Tag_Speech,934.0799999999999,935.055,0.8100000023841858
Audio_Tag_Speech,934.56,935.535,0.6399999856948853
Audio_Tag_Speech,935.04,936.015,0.8899999856948853
Audio_Tag_Speech,935.52,936.495,0.8500000238418579
Audio_Tag_Speech,936.0,937.935,0.9599999785423279
Audio_Tag_Speech,937.4399999999999,938.415,0.49000000953674316
Audio_Tag_Speech,937.92,939.375,0.5799999833106995
Audio_Tag_Speech,938.88,939.855,0.8299999833106995
Audio_Tag_Speech,939.36,940.335,0.9399999976158142
Audio_Tag_Speech,939.8399999999999,940.8149999999999,0.9700000286102295
Audio_Tag_Speech,940.3199999999999,941.295,1.0
Audio_Tag_Speech,940.8,941.775,0.8299999833106995
Audio_Tag_Speech,941.28,942.255,0.9800000190734863
Audio_Tag_Speech,941.76,942.735,0.8899999856948853
Audio_Tag_Speech,942.24,943.215,0.9599999785423279
Audio_Tag_Speech,942.7199999999999,943.6949999999999,0.7799999713897705
Audio_Tag_Speech,943.1999999999999,944.175,0.9800000190734863
Audio_Tag_Speech,943.68,944.655,0.9900000095367432
Audio_Tag_Speech,944.16,945.135,0.9599999785423279
Audio_Tag_Speech,944.64,945.615,0.9800000190734863
Audio_Tag_Speech,945.12,946.5749999999999,0.8700000047683716
Audio_Tag_Speech,946.0799999999999,947.055,0.9800000190734863
Audio_Tag_Speech,946.56,947.535,0.9900000095367432
Audio_Tag_Speech,947.04,948.015,0.9300000071525574
Audio_Tag_Speech,947.52,948.495,0.800000011920929
Audio_Tag_Speech,948.0,948.975,0.8600000143051147
Audio_Tag_Speech,948.48,949.455,0.9200000166893005
Audio_Tag_Speech,948.9599999999999,949.935,0.9700000286102295
Audio_Tag_Speech,949.4399999999999,950.415,0.9300000071525574
Audio_Tag_Speech,949.92,950.895,0.8899999856948853
Audio_Tag_Speech,950.4,951.375,0.9100000262260437
Audio_Tag_Speech,950.88,951.855,0.5799999833106995
Audio_Tag_Speech,951.36,952.335,0.9900000095367432
Audio_Tag_Speech,951.8399999999999,952.8149999999999,0.949999988079071
Audio_Tag_Speech,952.3199999999999,953.295,0.8999999761581421
Audio_Tag_Speech,952.8,953.775,0.9300000071525574
Audio_Tag_Speech,953.28,954.255,0.8600000143051147
Audio_Tag_Speech,953.76,954.735,0.7900000214576721
Audio_Tag_Speech,954.24,955.215,0.9900000095367432
Audio_Tag_Speech,954.7199999999999,955.6949999999999,0.9399999976158142
Audio_Tag_Speech,955.1999999999999,956.175,0.9900000095367432
Audio_Tag_Speech,955.68,956.655,0.9700000286102295
Audio_Tag_Speech,956.16,957.135,0.949999988079071
Audio_Tag_Speech,956.64,957.615,0.9599999785423279
Audio_Tag_Speech,957.12,958.095,0.9800000190734863
Audio_Tag_Speech,957.5999999999999,958.5749999999999,0.949999988079071
Audio_Tag_Speech,958.0799999999999,959.055,0.9700000286102295
Audio_Tag_Speech,958.56,959.535,0.9599999785423279
Audio_Tag_Speech,959.04,960.015,0.9700000286102295
Audio_Tag_Speech,959.52,960.495,0.9900000095367432
Audio_Tag_Speech,960.0,960.975,0.9599999785423279
Audio_Tag_Speech,960.48,961.455,0.9800000190734863
Audio_Tag_Speech,960.9599999999999,961.935,0.9900000095367432
Audio_Tag_Speech,961.4399999999999,962.415,0.9800000190734863
Audio_Tag_Speech,961.92,962.895,0.8399999737739563
Audio_Tag_Speech,962.4,963.375,0.8500000238418579
Audio_Tag_Speech,962.88,963.855,0.9800000190734863
Audio_Tag_Speech,963.36,964.335,0.9700000286102295
Audio_Tag_Speech,963.8399999999999,964.8149999999999,0.8500000238418579
Audio_Tag_Speech,964.3199999999999,965.775,0.9800000190734863
Audio_Tag_Speech,965.28,966.255,0.9399999976158142
Audio_Tag_Speech,965.76,966.735,0.9200000166893005
Audio_Tag_Speech,966.24,967.6949999999999,0.9599999785423279
Audio_Tag_Speech,967.1999999999999,968.175,0.9399999976158142
Audio_Tag_Speech,967.68,968.655,0.9599999785423279
Audio_Tag_Speech,968.16,969.135,0.9800000190734863
Audio_Tag_Speech,968.64,969.615,0.9700000286102295
Audio_Tag_Speech,969.12,970.095,0.9399999976158142
Audio_Tag_Speech,969.5999999999999,970.5749999999999,0.949999988079071
Audio_Tag_Speech,970.0799999999999,971.055,0.9300000071525574
Audio_Tag_Speech,970.56,971.535,0.9700000286102295
Audio_Tag_Speech,971.04,972.015,0.949999988079071
Audio_Tag_Speech,971.52,972.495,0.5799999833106995
Audio_Tag_Speech,972.0,973.455,0.25
Audio_Tag_Speech,972.9599999999999,973.935,0.7599999904632568
Audio_Tag_Speech,973.4399999999999,975.375,0.8799999952316284
Audio_Tag_Speech,974.88,975.855,0.9399999976158142
Audio_Tag_Speech,975.36,976.335,0.9700000286102295
Audio_Tag_Speech,975.8399999999999,976.8149999999999,0.9200000166893005
Audio_Tag_Speech,976.3199999999999,977.295,0.9700000286102295
Audio_Tag_Speech,976.8,977.775,0.9399999976158142
Audio_Tag_Speech,977.28,978.255,0.9300000071525574
Audio_Tag_Speech,977.76,978.735,0.9900000095367432
Audio_Tag_Speech,978.24,979.215,0.9800000190734863
Audio_Tag_Speech,978.7199999999999,979.6949999999999,0.9900000095367432
Audio_Tag_Speech,979.1999999999999,980.175,0.9800000190734863
Audio_Tag_Narration| monologue,462.71999999999997,463.695,0.23999999463558197
Audio_Tag_Whispering,552.48,553.455,0.20999999344348907
Audio_Tag_Breathing,153.6,155.05499999999998,0.25999999046325684
Audio_Tag_Snort,153.6,155.05499999999998,0.25999999046325684
Audio_Tag_Run,99.36,100.815,0.2199999988079071
Audio_Tag_Animal,35.04,36.495,0.25
Audio_Tag_Animal,470.4,472.335,0.33000001311302185
Audio_Tag_Animal,539.04,540.015,0.3499999940395355
Audio_Tag_Livestock| farm animals| working animals,539.04,540.015,0.4300000071525574
Audio_Tag_Livestock| farm animals| working animals,712.3199999999999,713.295,0.20999999344348907
Audio_Tag_Cattle| bovinae,539.04,540.015,0.8199999928474426
Audio_Tag_Moo,539.04,540.015,0.800000011920929
Audio_Tag_Bleat,539.04,540.015,0.20000000298023224
Audio_Tag_Sheep,539.04,540.015,0.20000000298023224
Audio_Tag_Wild animals,52.32,53.775,0.23000000417232513
Audio_Tag_Wild animals,470.4,472.335,0.36000001430511475
Audio_Tag_Wild animals,504.96,505.935,0.20999999344348907
Audio_Tag_Bird,470.88,472.335,0.3499999940395355
Audio_Tag_Bird vocalization| bird call| bird song,470.88,472.335,0.25
Audio_Tag_Insect,32.16,33.135,0.23999999463558197
Audio_Tag_Insect,51.839999999999996,53.775,0.4300000071525574
Audio_Tag_Insect,471.35999999999996,473.295,0.20000000298023224
Audio_Tag_Insect,504.96,505.935,0.5099999904632568
Audio_Tag_Cricket,52.32,53.775,0.46000000834465027
Audio_Tag_Cricket,471.84,473.295,0.2800000011920929
Audio_Tag_Buzz,32.16,33.135,0.20999999344348907
Audio_Tag_Buzz,40.8,42.255,0.30000001192092896
Audio_Tag_Buzz,52.32,53.775,0.25999999046325684
Audio_Tag_Buzz,59.519999999999996,60.975,0.4099999964237213
Audio_Tag_Bee| wasp| etc.,504.96,505.935,0.5099999904632568
Audio_Tag_Frog,60.0,60.975,0.2800000011920929
Audio_Tag_Snake,32.16,33.135,0.3700000047683716
Audio_Tag_Snake,35.04,39.855,0.5400000214576721
Audio_Tag_Snake,39.36,40.335,0.20000000298023224
Audio_Tag_Snake,39.839999999999996,42.255,0.23999999463558197
Audio_Tag_Snake,49.44,53.775,0.3400000035762787
Audio_Tag_Snake,59.04,60.015,0.20999999344348907
Audio_Tag_Rattle,41.28,42.255,0.23999999463558197
Audio_Tag_Music,0.0,0.975,0.7599999904632568
Audio_Tag_Music,0.48,1.455,0.9700000286102295
Audio_Tag_Music,0.96,1.935,0.7099999785423279
Audio_Tag_Music,1.44,2.895,1.0
Audio_Tag_Music,2.4,3.375,0.9700000286102295
Audio_Tag_Music,2.88,3.855,0.8700000047683716
Audio_Tag_Music,3.36,4.335,0.9700000286102295
Audio_Tag_Music,3.84,4.8149999999999995,0.5799999833106995
Audio_Tag_Music,4.8,6.734999999999999,0.20999999344348907
Audio_Tag_Music,6.24,7.215,0.6499999761581421
Audio_Tag_Music,6.72,8.174999999999999,0.9800000190734863
Audio_Tag_Music,7.68,8.655,0.9599999785423279
Audio_Tag_Music,8.16,9.615,0.9800000190734863
Audio_Tag_Music,9.12,10.094999999999999,0.949999988079071
Audio_Tag_Music,9.6,10.575,0.9900000095367432
Audio_Tag_Music,10.08,11.055,0.7200000286102295
Audio_Tag_Music,10.559999999999999,11.534999999999998,0.9700000286102295
Audio_Tag_Music,11.04,12.495,1.0
Audio_Tag_Music,12.0,12.975,0.9900000095367432
Audio_Tag_Music,12.48,13.934999999999999,0.949999988079071
Audio_Tag_Music,13.44,14.415,0.9399999976158142
Audio_Tag_Music,127.19999999999999,129.135,0.3100000023841858
Audio_Tag_Music,128.64,130.575,0.49000000953674316
Audio_Tag_Music,130.07999999999998,131.05499999999998,0.25
Audio_Tag_Music,131.51999999999998,133.45499999999998,0.36000001430511475
Audio_Tag_Music,132.96,133.935,0.2199999988079071
Audio_Tag_Music,300.47999999999996,301.935,0.27000001072883606
Audio_Tag_Music,301.44,302.415,0.9900000095367432
Audio_Tag_Music,301.92,302.89500000000004,0.9800000190734863
Audio_Tag_Music,302.4,303.375,0.9900000095367432
Audio_Tag_Music,302.88,303.855,1.0
Audio_Tag_Music,303.36,304.33500000000004,0.8600000143051147
Audio_Tag_Music,324.47999999999996,325.935,0.20999999344348907
Audio_Tag_Music,533.76,534.735,0.23000000417232513
Audio_Tag_Music,534.24,535.215,0.5199999809265137
Audio_Tag_Music,534.72,535.695,0.3799999952316284
Audio_Tag_Music,535.1999999999999,536.175,0.8199999928474426
Audio_Tag_Music,535.68,536.655,0.47999998927116394
Audio_Tag_Music,536.16,537.135,0.3199999928474426
Audio_Tag_Music,536.64,538.575,0.30000001192092896
Audio_Tag_Music,538.0799999999999,541.455,0.36000001430511475
Audio_Tag_Music,540.96,541.9350000000001,0.7400000095367432
Audio_Tag_Music,541.4399999999999,542.415,0.9300000071525574
Audio_Tag_Music,541.92,542.895,0.3100000023841858
Audio_Tag_Music,571.1999999999999,572.175,0.2800000011920929
Audio_Tag_Music,571.68,572.655,0.5
Audio_Tag_Music,572.16,573.135,0.949999988079071
Audio_Tag_Music,572.64,574.095,0.9800000190734863
Audio_Tag_Music,573.6,575.055,1.0
Audio_Tag_Music,574.56,575.535,0.9800000190734863
Audio_Tag_Music,575.04,576.015,0.6399999856948853
Audio_Tag_Music,694.56,696.495,1.0
Audio_Tag_Music,696.0,697.455,0.9900000095367432
Audio_Tag_Music,696.9599999999999,697.935,1.0
Audio_Tag_Music,697.4399999999999,698.415,0.9399999976158142
Audio_Tag_Music,697.92,698.895,0.8899999856948853
Audio_Tag_Music,715.68,717.135,0.3799999952316284
Audio_Tag_Music,716.64,718.575,0.25
Audio_Tag_Music,718.0799999999999,719.535,0.4399999976158142
Audio_Tag_Music,719.04,720.015,0.2199999988079071
Audio_Tag_Music,719.52,720.495,0.7699999809265137
Audio_Tag_Music,732.0,734.895,0.5799999833106995
Audio_Tag_Music,741.6,743.055,0.23000000417232513
Audio_Tag_Music,742.56,743.535,0.41999998688697815
Audio_Tag_Music,743.04,744.015,0.4300000071525574
Audio_Tag_Music,743.52,744.495,0.5699999928474426
Audio_Tag_Music,744.0,744.975,0.20000000298023224
Audio_Tag_Music,744.48,745.455,0.25
Audio_Tag_Music,744.9599999999999,745.935,0.5899999737739563
Audio_Tag_Music,745.4399999999999,746.415,0.6000000238418579
Audio_Tag_Music,745.92,747.375,0.25999999046325684
Audio_Tag_Music,746.88,747.855,0.8899999856948853
Audio_Tag_Music,747.36,748.335,0.9900000095367432
Audio_Tag_Music,747.8399999999999,748.8149999999999,0.47999998927116394
Audio_Tag_Music,748.3199999999999,749.295,0.5899999737739563
Audio_Tag_Music,748.8,749.775,0.8700000047683716
Audio_Tag_Music,749.28,750.255,0.7099999785423279
Audio_Tag_Music,749.76,750.735,0.49000000953674316
Audio_Tag_Music,750.24,751.215,0.9599999785423279
Audio_Tag_Music,750.72,751.695,0.9100000262260437
Audio_Tag_Music,751.1999999999999,752.175,0.3100000023841858
Audio_Tag_Music,751.68,752.655,0.8100000023841858
Audio_Tag_Music,752.16,753.135,0.8500000238418579
Audio_Tag_Music,752.64,753.615,0.8100000023841858
Audio_Tag_Music,753.12,754.095,0.4399999976158142
Audio_Tag_Music,753.6,754.575,0.36000001430511475
Audio_Tag_Music,754.0799999999999,755.055,0.8299999833106995
Audio_Tag_Music,754.56,755.535,0.7599999904632568
Audio_Tag_Music,755.04,756.015,0.8199999928474426
Audio_Tag_Music,755.52,756.495,0.7400000095367432
Audio_Tag_Music,756.0,756.975,0.9300000071525574
Audio_Tag_Music,756.48,757.455,0.9100000262260437
Audio_Tag_Music,756.9599999999999,757.935,0.8899999856948853
Audio_Tag_Music,757.4399999999999,758.415,0.7799999713897705
Audio_Tag_Music,757.92,759.375,0.6700000166893005
Audio_Tag_Music,758.88,759.855,0.8299999833106995
Audio_Tag_Music,759.36,760.8149999999999,0.9300000071525574
Audio_Tag_Music,760.3199999999999,761.295,0.9599999785423279
Audio_Tag_Music,760.8,761.775,0.8899999856948853
Audio_Tag_Music,761.28,762.255,0.9100000262260437
Audio_Tag_Music,761.76,762.735,0.9800000190734863
Audio_Tag_Music,833.28,836.655,0.5699999928474426
Audio_Tag_Music,836.16,837.135,0.6800000071525574
Audio_Tag_Music,836.64,839.055,0.20999999344348907
Audio_Tag_Music,838.56,840.495,0.3499999940395355
Audio_Tag_Music,866.4,867.855,0.3799999952316284
Audio_Tag_Music,867.36,868.335,0.7400000095367432
Audio_Tag_Music,867.8399999999999,868.8149999999999,0.75
Audio_Tag_Music,868.3199999999999,869.295,0.3799999952316284
Audio_Tag_Music,868.8,869.775,0.6299999952316284
Audio_Tag_Music,869.28,870.255,0.5099999904632568
Audio_Tag_Music,869.76,870.735,0.8799999952316284
Audio_Tag_Music,870.24,871.215,0.8299999833106995
Audio_Tag_Music,870.7199999999999,871.6949999999999,0.5600000023841858
Audio_Tag_Music,871.1999999999999,872.175,0.3799999952316284
Audio_Tag_Music,871.68,872.655,0.9200000166893005
Audio_Tag_Music,872.16,873.135,0.44999998807907104
Audio_Tag_Music,874.0799999999999,875.055,0.5799999833106995
Audio_Tag_Music,874.56,875.535,0.8799999952316284
Audio_Tag_Music,904.3199999999999,905.775,0.46000000834465027
Audio_Tag_Music,905.28,906.255,0.9900000095367432
Audio_Tag_Music,905.76,906.735,0.9700000286102295
Audio_Tag_Music,906.24,907.215,0.9800000190734863
Audio_Tag_Music,906.7199999999999,907.6949999999999,0.9200000166893005
Audio_Tag_Music,907.1999999999999,908.175,0.9700000286102295
Audio_Tag_Music,907.68,908.655,0.699999988079071
Audio_Tag_Music,908.16,909.135,0.8799999952316284
Audio_Tag_Music,908.64,909.615,0.9599999785423279
Audio_Tag_Music,909.12,910.095,0.9900000095367432
Audio_Tag_Music,909.6,911.055,1.0
Audio_Tag_Music,910.56,911.535,0.9900000095367432
Audio_Tag_Music,911.04,912.015,0.9800000190734863
Audio_Tag_Music,911.52,912.495,0.9200000166893005
Audio_Tag_Music,912.0,912.975,0.9300000071525574
Audio_Tag_Music,912.48,913.455,0.8999999761581421
Audio_Tag_Music,912.9599999999999,913.935,0.9700000286102295
Audio_Tag_Music,913.4399999999999,915.375,1.0
Audio_Tag_Music,914.88,915.855,0.9800000190734863
Audio_Tag_Music,915.36,916.335,0.9399999976158142
Audio_Tag_Music,915.8399999999999,916.8149999999999,0.8299999833106995
Audio_Tag_Music,920.64,921.615,0.6000000238418579
Audio_Tag_Music,921.12,922.095,0.8899999856948853
Audio_Tag_Music,921.5999999999999,922.5749999999999,0.8399999737739563
Audio_Tag_Music,922.0799999999999,923.055,0.5799999833106995
Audio_Tag_Music,922.56,924.015,0.28999999165534973
Audio_Tag_Music,923.52,924.495,0.6399999856948853
Audio_Tag_Music,924.0,924.975,0.25
Audio_Tag_Music,924.48,925.455,0.49000000953674316
Audio_Tag_Music,924.9599999999999,925.935,0.5299999713897705
Audio_Tag_Music,925.4399999999999,926.415,0.8700000047683716
Audio_Tag_Music,925.92,926.895,0.3400000035762787
Audio_Tag_Music,926.4,927.375,0.5199999809265137
Audio_Tag_Music,926.88,927.855,0.800000011920929
Audio_Tag_Music,927.36,928.335,0.8899999856948853
Audio_Tag_Music,927.8399999999999,928.8149999999999,0.5799999833106995
Audio_Tag_Music,928.3199999999999,929.295,0.8999999761581421
Audio_Tag_Music,928.8,929.775,0.9399999976158142
Audio_Tag_Music,929.28,930.255,0.44999998807907104
Audio_Tag_Music,930.24,931.6949999999999,0.4099999964237213
Audio_Tag_Music,931.1999999999999,932.175,0.33000001311302185
Audio_Tag_Music,931.68,932.655,0.2800000011920929
Audio_Tag_Music,932.16,933.135,0.5
Audio_Tag_Music,932.64,933.615,0.7200000286102295
Audio_Tag_Music,933.12,934.095,0.8700000047683716
Audio_Tag_Music,933.5999999999999,934.5749999999999,0.27000001072883606
Audio_Tag_Music,934.0799999999999,935.535,0.4399999976158142
Audio_Tag_Music,935.04,936.015,0.8199999928474426
Audio_Tag_Music,935.52,936.495,0.949999988079071
Audio_Tag_Music,936.0,936.975,0.7799999713897705
Audio_Tag_Music,936.48,937.935,0.4300000071525574
Audio_Tag_Music,937.4399999999999,938.415,0.5699999928474426
Audio_Tag_Music,937.92,938.895,0.7400000095367432
Audio_Tag_Music,938.4,939.375,0.6800000071525574
Audio_Tag_Music,938.88,939.855,0.25999999046325684
Audio_Tag_Music,939.36,940.335,0.33000001311302185
Audio_Tag_Music,939.8399999999999,940.8149999999999,0.6000000238418579
Audio_Tag_Music,940.3199999999999,941.295,0.6100000143051147
Audio_Tag_Music,940.8,941.775,0.6600000262260437
Audio_Tag_Music,941.28,942.255,0.2199999988079071
Audio_Tag_Music,941.76,944.175,0.6800000071525574
Audio_Tag_Music,943.68,944.655,0.6899999976158142
Audio_Tag_Music,944.16,945.135,0.7400000095367432
Audio_Tag_Music,944.64,945.615,0.9200000166893005
Audio_Tag_Music,945.12,946.095,0.9399999976158142
Audio_Tag_Music,945.5999999999999,946.5749999999999,0.8700000047683716
Audio_Tag_Music,946.0799999999999,947.055,0.3400000035762787
Audio_Tag_Music,946.56,947.535,0.6100000143051147
Audio_Tag_Music,947.04,948.015,0.3100000023841858
Audio_Tag_Music,947.52,948.495,0.5299999713897705
Audio_Tag_Music,948.0,948.975,0.6399999856948853
Audio_Tag_Music,948.48,949.455,0.8100000023841858
Audio_Tag_Music,948.9599999999999,949.935,0.8399999737739563
Audio_Tag_Music,949.4399999999999,950.415,0.7300000190734863
Audio_Tag_Music,949.92,951.375,0.25999999046325684
Audio_Tag_Music,952.3199999999999,953.295,0.4399999976158142
Audio_Tag_Music,952.8,953.775,0.550000011920929
Audio_Tag_Music,953.28,954.255,0.6499999761581421
Audio_Tag_Music,953.76,954.735,0.6800000071525574
Audio_Tag_Music,954.24,955.215,0.949999988079071
Audio_Tag_Music,954.7199999999999,955.6949999999999,0.9200000166893005
Audio_Tag_Music,955.1999999999999,956.655,0.800000011920929
Audio_Tag_Music,956.16,957.135,0.8399999737739563
Audio_Tag_Music,956.64,957.615,0.9399999976158142
Audio_Tag_Music,957.12,958.095,0.949999988079071
Audio_Tag_Music,957.5999999999999,958.5749999999999,0.7099999785423279
Audio_Tag_Music,958.0799999999999,959.055,0.20000000298023224
Audio_Tag_Music,958.56,959.535,0.5699999928474426
Audio_Tag_Music,959.04,960.015,0.8799999952316284
Audio_Tag_Music,959.52,960.495,0.949999988079071
Audio_Tag_Music,960.0,960.975,0.5299999713897705
Audio_Tag_Music,960.48,961.455,0.6399999856948853
Audio_Tag_Music,960.9599999999999,961.935,0.8799999952316284
Audio_Tag_Music,961.4399999999999,962.415,0.8700000047683716
Audio_Tag_Music,961.92,962.895,0.7699999809265137
Audio_Tag_Music,962.4,963.855,0.6000000238418579
Audio_Tag_Music,963.36,964.335,0.9800000190734863
Audio_Tag_Music,963.8399999999999,964.8149999999999,0.8999999761581421
Audio_Tag_Music,964.3199999999999,965.295,0.9399999976158142
Audio_Tag_Music,964.8,965.775,0.3100000023841858
Audio_Tag_Music,965.28,966.255,0.20000000298023224
Audio_Tag_Music,965.76,966.735,0.9100000262260437
Audio_Tag_Music,966.24,967.215,0.6800000071525574
Audio_Tag_Music,966.7199999999999,967.6949999999999,0.8100000023841858
Audio_Tag_Music,967.1999999999999,968.175,0.9100000262260437
Audio_Tag_Music,967.68,968.655,0.8999999761581421
Audio_Tag_Music,968.16,969.135,0.8799999952316284
Audio_Tag_Music,968.64,969.615,0.6499999761581421
Audio_Tag_Music,969.12,970.095,0.5899999737739563
Audio_Tag_Music,969.5999999999999,970.5749999999999,0.3799999952316284
Audio_Tag_Music,970.0799999999999,971.055,0.2199999988079071
Audio_Tag_Music,970.56,972.975,0.550000011920929
Audio_Tag_Music,972.48,973.455,0.699999988079071
Audio_Tag_Music,972.9599999999999,973.935,0.8700000047683716
Audio_Tag_Music,973.4399999999999,974.415,0.3499999940395355
Audio_Tag_Music,973.92,974.895,0.6700000166893005
Audio_Tag_Music,974.4,975.375,0.6200000047683716
Audio_Tag_Music,974.88,975.855,0.7699999809265137
Audio_Tag_Music,975.36,976.335,0.4000000059604645
Audio_Tag_Music,975.8399999999999,976.8149999999999,0.7699999809265137
Audio_Tag_Music,976.3199999999999,977.295,0.6499999761581421
Audio_Tag_Music,981.12,982.5749999999999,0.9700000286102295
Audio_Tag_Music,982.0799999999999,983.055,0.9900000095367432
Audio_Tag_Music,982.56,983.535,0.9700000286102295
Audio_Tag_Music,983.04,984.015,0.9900000095367432
Audio_Tag_Music,983.52,984.495,0.949999988079071
Audio_Tag_Musical instrument,2.88,4.335,0.30000001192092896
Audio_Tag_Musical instrument,3.84,4.8149999999999995,0.33000001311302185
Audio_Tag_Percussion,2.88,4.335,0.4699999988079071
Audio_Tag_Percussion,3.84,4.8149999999999995,0.46000000834465027
Audio_Tag_Drum,2.88,4.8149999999999995,0.33000001311302185
Audio_Tag_Wood block,2.88,4.335,0.4000000059604645
Audio_Tag_Wood block,3.84,4.8149999999999995,0.23000000417232513
Audio_Tag_Bagpipes,758.88,760.8149999999999,0.2800000011920929
Audio_Tag_Thunderstorm,312.96,313.935,0.3199999928474426
Audio_Tag_Thunder,312.96,313.935,0.28999999165534973
Audio_Tag_Stream,506.4,509.775,0.28999999165534973
Audio_Tag_Stream,509.28,511.695,0.2800000011920929
Audio_Tag_Stream,511.2,512.655,0.28999999165534973
Audio_Tag_Stream,512.16,513.135,0.38999998569488525
Audio_Tag_Stream,512.64,513.615,0.20999999344348907
Audio_Tag_Stream,513.12,514.095,0.20000000298023224
Audio_Tag_Vehicle,457.44,459.375,0.3499999940395355
Audio_Tag_Vehicle,916.3199999999999,918.255,0.6200000047683716
Audio_Tag_Vehicle,917.76,918.735,0.8899999856948853
Audio_Tag_Vehicle,918.24,919.215,0.9700000286102295
Audio_Tag_Vehicle,918.7199999999999,919.6949999999999,0.5099999904632568
Audio_Tag_Rail transport,916.8,918.255,0.8399999737739563
Audio_Tag_Rail transport,917.76,918.735,0.949999988079071
Audio_Tag_Rail transport,918.24,919.215,0.9599999785423279
Audio_Tag_Rail transport,918.7199999999999,919.6949999999999,0.699999988079071
Audio_Tag_Train,916.8,918.255,0.8299999833106995
Audio_Tag_Train,917.76,918.735,0.9399999976158142
Audio_Tag_Train,918.24,919.215,0.949999988079071
Audio_Tag_Train,918.7199999999999,919.6949999999999,0.6899999976158142
Audio_Tag_Railroad car| train wagon,916.8,918.255,0.6800000071525574
Audio_Tag_Railroad car| train wagon,917.76,918.735,0.75
Audio_Tag_Railroad car| train wagon,918.24,919.215,0.7799999713897705
Audio_Tag_Railroad car| train wagon,918.7199999999999,919.6949999999999,0.4699999988079071
Audio_Tag_Train wheels squealing,917.28,918.255,0.23000000417232513
Audio_Tag_Train wheels squealing,917.76,918.735,0.28999999165534973
Audio_Tag_Bicycle,41.28,42.255,0.30000001192092896
Audio_Tag_Cutlery| silverware,325.92,326.89500000000004,0.27000001072883606
Audio_Tag_Frying of food,32.16,34.575,0.6700000166893005
Audio_Tag_Frying of food,34.08,35.055,0.7200000286102295
Audio_Tag_Frying of food,34.56,35.535000000000004,0.49000000953674316
Audio_Tag_Frying of food,35.04,36.015,0.2199999988079071
Audio_Tag_Frying of food,37.44,38.895,0.3799999952316284
Audio_Tag_Frying of food,38.4,39.375,0.20999999344348907
Audio_Tag_Frying of food,40.8,42.255,0.3400000035762787
Audio_Tag_Frying of food,46.559999999999995,48.015,0.4300000071525574
Audio_Tag_Frying of food,47.519999999999996,48.495,0.30000001192092896
Audio_Tag_Frying of food,48.96,49.935,0.5
Audio_Tag_Frying of food,49.44,51.375,0.23000000417232513
Audio_Tag_Mechanisms,417.59999999999997,418.575,0.2800000011920929
Audio_Tag_Camera,60.0,60.975,0.2800000011920929
Audio_Tag_Camera,417.59999999999997,418.575,0.8500000238418579
Audio_Tag_Camera,587.52,588.495,0.6700000166893005
Audio_Tag_Camera,676.3199999999999,677.295,0.5199999809265137
Audio_Tag_Single-lens reflex camera,60.0,60.975,0.23000000417232513
Audio_Tag_Single-lens reflex camera,417.59999999999997,418.575,0.8399999737739563
Audio_Tag_Single-lens reflex camera,587.52,588.495,0.6399999856948853
Audio_Tag_Single-lens reflex camera,676.3199999999999,677.295,0.4699999988079071
Audio_Tag_Filing or rasp,325.92,326.89500000000004,0.27000001072883606
Audio_Tag_Wood,325.44,326.89500000000004,0.23999999463558197
Audio_Tag_Liquid,42.72,48.495,0.23999999463558197
Audio_Tag_Liquid,251.04,252.015,0.3400000035762787
Audio_Tag_Liquid,256.32,257.77500000000003,0.38999998569488525
Audio_Tag_Liquid,277.44,278.89500000000004,0.20999999344348907
Audio_Tag_Liquid,334.56,336.015,0.38999998569488525
Audio_Tag_Liquid,356.15999999999997,357.135,0.3499999940395355
Audio_Tag_Liquid,417.12,418.575,0.25
Audio_Tag_Liquid,438.71999999999997,439.695,0.5699999928474426
Audio_Tag_Liquid,518.4,519.855,0.27000001072883606
Audio_Tag_Liquid,587.04,588.495,0.23999999463558197
Audio_Tag_Liquid,604.3199999999999,605.775,0.46000000834465027
Audio_Tag_Liquid,654.24,655.695,0.27000001072883606
Audio_Tag_Liquid,655.1999999999999,656.175,0.20999999344348907
Audio_Tag_Pour,256.32,257.295,0.23000000417232513
Audio_Tag_Pour,256.8,257.77500000000003,0.41999998688697815
Audio_Tag_Pour,335.03999999999996,336.015,0.2199999988079071
Audio_Tag_Pour,507.35999999999996,508.335,0.4000000059604645
Audio_Tag_Pour,509.76,511.695,0.41999998688697815
Audio_Tag_Pour,511.2,513.135,0.23000000417232513
Audio_Tag_Trickle| dribble,256.32,257.295,0.2199999988079071
Audio_Tag_Trickle| dribble,256.8,257.77500000000003,0.33000001311302185
Audio_Tag_Trickle| dribble,506.4,508.335,0.27000001072883606
Audio_Tag_Trickle| dribble,509.76,511.695,0.3199999928474426
Audio_Tag_Trickle| dribble,511.2,513.135,0.20999999344348907
Audio_Tag_Spray,47.04,48.495,0.2800000011920929
Audio_Tag_Spray,250.56,252.015,0.5600000023841858
Audio_Tag_Spray,277.92,278.89500000000004,0.3499999940395355
Audio_Tag_Spray,356.15999999999997,357.135,0.28999999165534973
Audio_Tag_Spray,417.12,418.575,0.2800000011920929
Audio_Tag_Spray,438.71999999999997,439.695,0.7099999785423279
Audio_Tag_Spray,499.68,501.135,0.30000001192092896
Audio_Tag_Spray,587.04,588.495,0.2199999988079071
Audio_Tag_Spray,604.3199999999999,605.775,0.5799999833106995
Audio_Tag_Basketball bounce,348.0,348.975,0.27000001072883606
Audio_Tag_Beep| bleep,417.59999999999997,418.575,0.20000000298023224
Audio_Tag_Sizzle,30.24,31.695,0.23999999463558197
Audio_Tag_Sizzle,32.16,34.575,0.550000011920929
Audio_Tag_Sizzle,34.08,35.055,0.6899999976158142
Audio_Tag_Sizzle,34.56,35.535000000000004,0.4399999976158142
Audio_Tag_Sizzle,35.04,36.015,0.23000000417232513
Audio_Tag_Sizzle,37.44,38.895,0.3199999928474426
Audio_Tag_Sizzle,38.4,39.375,0.20000000298023224
Audio_Tag_Sizzle,40.8,42.255,0.3700000047683716
Audio_Tag_Sizzle,46.559999999999995,48.015,0.4300000071525574
Audio_Tag_Sizzle,47.519999999999996,48.495,0.30000001192092896
Audio_Tag_Sizzle,48.96,49.935,0.49000000953674316
Audio_Tag_Sizzle,49.44,51.375,0.25
Audio_Tag_Clicking,916.8,918.255,0.28999999165534973
Audio_Tag_Clicking,917.76,918.735,0.25
Audio_Tag_Clicking,918.24,919.215,0.4399999976158142
Audio_Tag_Clickety-clack,916.8,918.255,0.3199999928474426
Audio_Tag_Clickety-clack,917.76,918.735,0.27000001072883606
Audio_Tag_Clickety-clack,918.24,919.215,0.4399999976158142
Audio_Tag_Silence,4.32,5.295,0.4300000071525574
Audio_Tag_Silence,28.799999999999997,30.255,1.0
Audio_Tag_Silence,81.11999999999999,82.09499999999998,0.25999999046325684
Audio_Tag_Silence,81.6,82.57499999999999,1.0
Audio_Tag_Silence,82.08,83.05499999999999,0.9900000095367432
Audio_Tag_Silence,153.12,154.095,0.6299999952316284
Audio_Tag_Silence,219.35999999999999,220.815,1.0
Audio_Tag_Silence,220.32,221.295,0.9800000190734863
Audio_Tag_Silence,312.0,312.975,0.75
Audio_Tag_Silence,389.28,390.255,1.0
Audio_Tag_Silence,389.76,390.735,0.9300000071525574
Audio_Tag_Silence,470.4,471.375,0.25999999046325684
Audio_Tag_Silence,552.48,553.9350000000001,0.9200000166893005
Audio_Tag_Silence,570.72,571.695,1.0
Audio_Tag_Silence,623.04,624.015,0.33000001311302185
Audio_Tag_Silence,634.0799999999999,635.535,1.0
Audio_Tag_Silence,775.1999999999999,776.175,0.47999998927116394
Audio_Tag_Silence,775.68,776.655,0.5199999809265137
Audio_Tag_Silence,828.9599999999999,829.935,0.9900000095367432
Audio_Tag_Silence,901.92,903.375,1.0
Audio_Tag_Silence,919.68,920.655,0.9399999976158142
Audio_Tag_Silence,920.16,921.135,1.0
Audio_Tag_Silence,979.68,981.615,1.0
Audio_Tag_Inside| small room,153.6,154.575,0.28999999165534973
Audio_Tag_Inside| small room,154.07999999999998,155.05499999999998,0.20000000298023224
Audio_Tag_Inside| small room,154.56,155.535,0.3499999940395355
Audio_Tag_Inside| small room,711.8399999999999,713.775,0.23000000417232513
Audio_Tag_Outside| rural or natural,274.56,278.415,0.20000000298023224
Audio_Tag_Outside| rural or natural,470.88,474.255,0.23000000417232513
Audio_Tag_Outside| rural or natural,498.24,501.135,0.23999999463558197
Audio_Tag_Outside| rural or natural,654.24,655.695,0.20999999344348907
Audio_Tag_Noise,417.59999999999997,418.575,0.4099999964237213
Audio_Tag_Noise,470.88,472.335,0.2800000011920929
Audio_Tag_Environmental noise,470.88,472.335,0.6499999761581421
Audio_Tag_Environmental noise,471.84,472.815,0.3799999952316284
Audio_Tag_Static,417.59999999999997,418.575,0.25
Audio_Tag_Static,587.52,588.495,0.23000000417232513
Audio_Tag_White noise,417.59999999999997,418.575,0.3700000047683716
Audio_Tag_Pink noise,417.59999999999997,418.575,0.25
